[Account_Value],[Account_Name],[Account_Description],[Account_Type],[Account_Sign],[Account_Document],[Account_Summary],[Default_Account],[Account_Parent],[Balance Sheet],[Balance Sheet_Name],[US 1120 Balance Sheet],US 1120 Balance Sheet_Name,[Profit & Loss],[Profit & Loss_Name],[US 1120 Income Statement],[US 1120 Income Statement_Name],[Cash Flow],[Cash Flow_Name]
1,Attivo,,A - Attività,,,Yes,,,1,Attivo,,,,,,,,
11,Crediti verso i soci per versamenti ancora dovuti,,A - Attività,,,Yes,,1,1.A,Crediti verso i soci per versamenti ancora dovuti,,,,,,,,
111,Crediti verso i soci per versamenti ancora dovuti,,A - Attività,,,No,,11,1.A.I,Crediti verso i soci per versamenti ancora dovuti,,,,,,,,
12,Immobilizzazioni,,A - Attività,,,Yes,,1,1.B,Immobilizzazioni,,,,,,,,
121,Immobilizzazioni immateriali,,A - Attività,,,Yes,,12,1.B.I,Immobilizzazioni immateriali,,,,,,,,
1211,Costi di impianto e ampliamento,,A - Attività,,,No,,121,1.B.I.1,Costi di impianto e ampliamento,,,,,,,,
1212,"Costi di ricerca, di sviluppo e di pubblicità",,A - Attività,,,No,,121,1.B.I.2,"Costi di ricerca, di sviluppo e di pubblicità",,,,,,,,
1213,Diritti di brevetto industriale e diritti di utilizzazione delle opere dell'ingegno,,A - Attività,,,No,,121,1.B.I.3,Diritti di brevetto industriale e diritti di utilizzazione delle opere dell'ingegno,,,,,,,,
1214,"Concessioni, licenze, marchi e diritti simili",,A - Attività,,,No,,121,1.B.I.4,"Concessioni, licenze, marchi e diritti simili",,,,,,,,
1215,Avviamento,,A - Attività,,,No,,121,1.B.I.5,Avviamento,,,,,,,,
1216,Immobilizzazioni immateriali in corso e acconti,,A - Attività,,,No,,121,1.B.I.6,Immobilizzazioni immateriali in corso e acconti,,,,,,,,
1217-1,Altre immobilizzazioni immateriali,,A - Attività,,,No,,121,1.B.I.7,Altre immobilizzazioni immateriali,,,,,,,,
1217-2,Progetti,,A - Attività,,Yes,No,PJ_ASSET_ACCT,121,1.B.I.7,Altre immobilizzazioni immateriali,,,,,,,,
1217-3,Progetti in corso,,A - Attività,,Yes,No,PJ_WIP_ACCT,121,1.B.I.7,Altre immobilizzazioni immateriali,,,,,,,,
122,Immobilizzazioni materiali,,A - Attività,,,Yes,,12,1.B.II,Immobilizzazioni materiali,,,,,,,,
1221-1,Terreni,,A - Attività,,,No,,122,1.B.II.1,Terreni e fabbricati,,,,,,,,
1221-2,Fabbricati non strumentali,,A - Attività,,,No,,122,1.B.II.1,Terreni e fabbricati,,,,,,,,
1221-3,Fabbricati,,A - Attività,,,No,,122,1.B.II.1,Terreni e fabbricati,,,,,,,,
1222,Impianti e macchinari,,A - Attività,,,No,,122,1.B.II.2,Impianti e macchinario,,,,,,,,
1223-1,Attrezzature commerciali,,A - Attività,,,No,,122,1.B.II.3,Attrezzature industriali e commerciali ,,,,,,,,
1223-2,Attrezzature d'ufficio,,A - Attività,,,No,,122,1.B.II.3,Attrezzature industriali e commerciali ,,,,,,,,
1223-3,Arredamento,,A - Attività,,,No,,122,1.B.II.3,Attrezzature industriali e commerciali ,,,,,,,,
1223-4,Automezzi,,A - Attività,,,No,,122,1.B.II.3,Attrezzature industriali e commerciali ,,,,,,,,
1224,Altri beni materiali,,A - Attività,,,No,,122,1.B.II.4,Altri beni materiali,,,,,,,,
1225,Immobilizzazioni in corso e acconti,,A - Attività,,,No,,122,1.B.II.5,Immobilizzazioni in corso e acconti,,,,,,,,
1221-4,Fondo ammortamento fabbricati,,L - Passività,,,No,,122,1.B.II.1,Terreni e fabbricati,,,,,,,,
1223-5,Fondo ammortamento impianti e macchinari,,L - Passività,,,No,,122,1.B.II.3,Attrezzature industriali e commerciali ,,,,,,,,
1223-6,Fondo ammortamento attrezzature commerciali,,L - Passività,,,No,,122,1.B.II.3,Attrezzature industriali e commerciali ,,,,,,,,
1223-7,Fondo ammortamento attrezzature d'ufficio,,L - Passività,,,No,,122,1.B.II.3,Attrezzature industriali e commerciali ,,,,,,,,
1223-8,Fondo ammortamento arredamento,,L - Passività,,,No,,122,1.B.II.3,Attrezzature industriali e commerciali ,,,,,,,,
1223-9,Fondo ammortamento automezzi,,L - Passività,,,No,,122,1.B.II.3,Attrezzature industriali e commerciali ,,,,,,,,
123,Immobilizzazioni finanziarie,,A - Attività,,,Yes,,12,1.B.III,Immobilizzazioni finanziarie,,,,,,,,
1231,Partecipazioni,,A - Attività,,,Yes,,123,1.B.III.1,Partecipazioni,,,,,,,,
12311,Partecipazioni in imprese controllate,,A - Attività,,,No,,1231,1.B.III.1.a,Partecipazioni in imprese controllate,,,,,,,,
12312,Partecipazioni in imprese collegate,,A - Attività,,,No,,1231,1.B.III.1.b,Partecipazioni in imprese collegate,,,,,,,,
12313,Partecipazioni in imprese controllanti,,A - Attività,,,No,,1231,1.B.III.1.c,Partecipazioni in imprese controllanti,,,,,,,,
12314,Partecipazioni in altre imprese,,A - Attività,,,No,,1231,1.B.III.1.d,Partecipazioni in altre imprese,,,,,,,,
1232,Crediti,,A - Attività,,,Yes,,123,1.B.III.2,Crediti,,,,,,,,
12321,Crediti verso imprese controllate,,A - Attività,,,No,,1232,1.B.III.2.a,Crediti verso imprese controllate,,,,,,,,
12322,Crediti verso imprese collegate,,A - Attività,,,No,,1232,1.B.III.2.b,Crediti verso imprese collegate,,,,,,,,
12323,Crediti verso controllanti,,A - Attività,,,No,,1232,1.B.III.2.c,Crediti verso controllanti,,,,,,,,
12324,Crediti verso altri,,A - Attività,,,No,,1232,1.B.III.2.d,Crediti verso altri,,,,,,,,
1233,Altri titoli,,A - Attività,,,No,,123,1.B.III.3,Altri titoli,,,,,,,,
1234,Azioni proprie immobilizzate,,A - Attività,,,No,,123,1.B.III.4,Azioni proprie immobilizzate,,,,,,,,
131,Rimanenze,,A - Attività,,,Yes,,13,1.C.I,Rimanenze,,,,,,,,
1314-1,Rimanenze di merci,,A - Attività,,Yes,No,W_INVENTORY_ACCT,131,1.C.I.4,Rimanenze: prodotti finiti e merci ,,,,,,,,
1314-2,Rimanenze di imballaggi,,A - Attività,,,No,,131,1.C.I.4,Rimanenze: prodotti finiti e merci ,,,,,,,,
1311,Rimanenze di materiali di consumo,,A - Attività,,,No,,131,1.C.I.1,"Rimanenze: materie prime, sussidiarie e di consumo",,,,,,,,
1312,Merci in produzione,,A - Attività,,Yes,No,P_ASSET_ACCT,131,1.C.I.2,Rimanenze: prodotti in corso di lavorazione e semilavorati ,,,,,,,,
1313,Lavori in corso su ordinazione,,A - Attività,,,No,,131,1.C.I.3,Rimanenze: lavori in corso su ordinazione,,,,,,,,
1314-3,Fondo svalutazione magazzino,,L - Passività,,,No,,131,1.C.I.4,Rimanenze: prodotti finiti e merci ,,,,,,,,
1315,Acconti su rimanenze,,L - Passività,,,No,,131,1.C.I.5,Rimanenze: acconti,,,,,,,,
13,Attivo circolante,,A - Attività,,,Yes,,1,1.C,Attivo circolante,,,,,,,,
132-1,Clienti,,A - Attività,,,Yes,,13,1.C.II,Crediti,,,,,,,,
1321-1,Crediti verso clienti,,A - Attività,,Yes,No,C_RECEIVABLE_ACCT,132-1,1.C.II.1,Crediti verso i clienti,,,,,,,,
1321-2,Crediti verso società intragruppo,,A - Attività,,Yes,No,INTERCOMPANYDUEFROM_ACCT,132-1,1.C.II.1,Crediti verso i clienti,,,,,,,,
132-2,Crediti commerciali,,A - Attività,,,Yes,,13,1.C.II,Crediti,,,,,,,,
1321-3,Cambiali attive,,A - Attività,,,No,,132-2,1.C.II.1,Crediti verso i clienti,,,,,,,,
1321-4,Cambiali allo sconto,,A - Attività,,,No,,132-2,1.C.II.1,Crediti verso i clienti,,,,,,,,
1321-5,Cambiali all'incasso,,A - Attività,,,No,,132-2,1.C.II.1,Crediti verso i clienti,,,,,,,,
1321-6,Effetti insoluti e protestati,,A - Attività,,,No,,132-2,1.C.II.1,Crediti verso i clienti,,,,,,,,
1321-7,Crediti insoluti,,A - Attività,,,No,,132-2,1.C.II.1,Crediti verso i clienti,,,,,,,,
1321-8,Fatture da emettere,I beni e/o i servizi sono usciti ma non ancora fatturati,A - Attività,,Yes,No,NOTINVOICEDRECEIVABLES_ACCT,132-2,1.C.II.1,Crediti verso i clienti,,,,,,,,
1321-9,Fondo svalutazione crediti,,A - Attività,,,No,,132-2,1.C.II.1,Crediti verso i clienti,,,,,,,,
1321-10,Fondo rischi su crediti,,A - Attività,,,No,,132-2,1.C.II.1,Crediti verso i clienti,,,,,,,,
132-3,Crediti intragruppo,,A - Attività,,,Yes,,13,1.C.II,Crediti,,,,,,,,
1322,Crediti verso imprese controllate ,,A - Attività,,,No,,132-3,1.C.II.2,Crediti verso imprese controllate ,,,,,,,,
1323,Crediti verso imprese collegate,,A - Attività,,,No,,132-3,1.C.II.3,Crediti verso imprese collegate,,,,,,,,
1324,Crediti verso imprese controllanti,,A - Attività,,,No,,132-3,1.C.II.4,Crediti verso imprese controllanti,,,,,,,,
132-4,Crediti diversi,,A - Attività,,,Yes,,13,1.C.II,Crediti,,,,,,,,
1325-1,IVA nostro credito 4%,,A - Attività,,,No,,132-4,1.C.II.5,Crediti verso altri,,,,,,,,
1325-2,IVA nostro credito 10%,,A - Attività,,,No,,132-4,1.C.II.5,Crediti verso altri,,,,,,,,
1325-3,IVA nostro credito 20%,,A - Attività,,,No,,132-4,1.C.II.5,Crediti verso altri,,,,,,,,
1325-4,Deduzioni dalle tasse,,A - Attività,,Yes,No,T_RECEIVABLES_ACCT,132-4,1.C.II.5,Crediti verso altri,,,,,,,,
1325-5,Crediti per rimborsi delle tasse,,A - Attività,,Yes,No,T_CREDIT_ACCT,132-4,1.C.II.5,Crediti verso altri,,,,,,,,
1325-6,Erario c/acconto IVA,,A - Attività,,,No,,132-4,1.C.II.5,Crediti verso altri,,,,,,,,
1325-7,Credito per IVA,,A - Attività,,,No,,132-4,1.C.II.5,Crediti verso altri,,,,,,,,
1325-8,Personale c/acconti,Anticipi su costi del personale,A - Attività,,Yes,No,E_PREPAYMENT_ACCT,132-4,1.C.II.5,Crediti verso altri,,,,,,,,
1325-9,Crediti v/istituti previdenziali,,A - Attività,,,No,,132-4,1.C.II.5,Crediti verso altri,,,,,,,,
1325-10,Crediti per cauzioni,,A - Attività,,,No,,132-4,1.C.II.5,Crediti verso altri,,,,,,,,
1325-11,Crediti diversi,,A - Attività,,,No,,132-4,1.C.II.5,Crediti verso altri,,,,,,,,
133,Valori mobiliari,,A - Attività,,,Yes,,13,1.C.III,Attività finanziarie che non costituiscono immobilizzazioni,,,,,,,,
1331,Partecipazioni in imprese controllate ,,A - Attività,,,No,,133,1.C.III.1,Partecipazioni in imprese controllate ,,,,,,,,
1332,Partecipazioni in imprese collegate,,A - Attività,,,No,,133,1.C.III.2,Partecipazioni in imprese collegate,,,,,,,,
1333,Partecipazioni in imprese controllanti,,A - Attività,,,No,,133,1.C.III.3,Partecipazioni in imprese controllanti,,,,,,,,
1334,Altre partecipazioni ,,A - Attività,,,No,,133,1.C.III.4,Altre partecipazioni ,,,,,,,,
1335,Azioni proprie per investimento temporaneo,,A - Attività,,,No,,133,1.C.III.5,Azioni proprie per investimento temporaneo,,,,,,,,
1336,Titoli,,A - Attività,,,No,,133,1.C.III.6,Titoli,,,,,,,,
134,Disponibilità liquide,,A - Attività,,,Yes,,13,1.C.IV,Disponibilità liquide,,,,,,,,
1341-1,Banca c/c,,A - Attività,,Yes,No,B_ASSET_ACCT,134,1.C.IV.1,Depositi bancari e postali,,,,,,,,
1341-2,Transiti verso c/c Bancario,Transazioni in transito verso il c/c bancario,A - Attività,,Yes,No,B_INTRANSIT_ACCT,134,1.C.IV.1,Depositi bancari e postali,,,,,,,,
1341-3,Poste c/c,,A - Attività,,,No,,134,1.C.IV.1,Depositi bancari e postali,,,,,,,,
1342,Assegni,,A - Attività,,,No,,134,1.C.IV.2,Assegni,,,,,,,,
1343-1,Denaro e valori in cassa,,A - Attività,,Yes,No,CB_ASSET_ACCT,134,1.C.IV.3,Denaro e valori in cassa,,,,,,,,
1343-2,Transiti verso cassa,Transazioni in transito verso la cassa,A - Attività,,Yes,No,CB_CASHTRANSFER_ACCT,134,1.C.IV.3,Denaro e valori in cassa,,,,,,,,
1343-3,Denaro ricevuto da clienti non identificati,,A - Attività,,Yes,No,B_UNIDENTIFIED_ACCT,134,1.C.IV.3,Denaro e valori in cassa,,,,,,,,
1343-4,Denaro ricevuto ma non allocato,,A - Attività,,Yes,No,B_UNALLOCATEDCASH_ACCT,134,1.C.IV.3,Denaro e valori in cassa,,,,,,,,
14,Ratei e risconti attivi,,A - Attività,,,Yes,,1,1.D,Ratei e risconti attivi,,,,,,,,
141,Ratei attivi,,A - Attività,,,No,,14,1.D.I,Ratei attivi,,,,,,,,
142,Risconti attivi,,A - Attività,,,No,,14,1.D.II,Risconti attivi,,,,,,,,
2,Passivo,,L - Passività,,,Yes,, ,2,Passivo,,,,,,,,
21,Patrimonio netto,,O - Capitale Netto,,,Yes,,2,2.A,Patrimonio netto,,,,,,,,
211,Capitale,,O - Capitale Netto,,,No,,21,2.A.I,Capitale,,,,,,,,
212,Riserva da sovrapprezzo delle azioni ,,O - Capitale Netto,,,No,,21,2.A.II,Riserva da sovrapprezzo delle azioni ,,,,,,,,
213,Riserva di rivalutazione,,O - Capitale Netto,,,No,,21,2.A.III,Riserva di rivalutazione,,,,,,,,
214,Riserva legale,,O - Capitale Netto,,,No,,21,2.A.IV,Riserva legale,,,,,,,,
215,Riserve statutarie,,O - Capitale Netto,,,No,,21,2.A.V,Riserve statutarie,,,,,,,,
216,Riserva per azioni proprie in portafoglio,,O - Capitale Netto,,,No,,21,2.A.VI,Riserva per azioni proprie in portafoglio,,,,,,,,
217,Altre riserve,,O - Capitale Netto,,,No,,21,2.A.VII,Altre riserve,,,,,,,,
218,Utili (perdite) portati a nuovo,,O - Capitale Netto,,,No,RETAINEDEARNING_ACCT,21,2.A.VIII,Utili (perdite) portati a nuovo,,,,,,,,
219,Utile (perdita) dell'esercizio,,O - Capitale Netto,,,No,,21,2.A.IX,Utile (perdita) dell'esercizio,,,,,,,,
22,Fondo accantonamento rischi ed oneri,,L - Passività,,,Yes,,2,2.B,Fondi per rischi ed oneri,,,,,,,,
2201,Fondo per trattamento di quiescenza,,L - Passività,,,No,,22,2.B.1,Fondo per trattamento di quiescenza,,,,,,,,
2202,Fondo per imposte,,L - Passività,,,No,,22,2.B.2,"Fondo per imposte, anche differite",,,,,,,,
2203-1,Fondo manutenzioni e riparazioni,,L - Passività,,,No,,22,2.B.3,Altri fondi per rischi ed oneri futuri,,,,,,,,
2203-2,Altri fondi,,L - Passività,,,No,,22,2.B.3,Altri fondi per rischi ed oneri futuri,,,,,,,,
23,Trattamento di fine rapporto di lavoro subordinato,,L - Passività,,,Yes,,2,2.C,Trattamento di fine rapporto di lavoro subordinato,,,,,,,,
2301,Debito per TFRL,,L - Passività,,,No,,23,2.C.1,Debito per TFRL,,,,,,,,
24,Debiti,,L - Passività,,,Yes,,2,2.D,Debiti,,,,,,,,
24-1,Debiti di finanziamento,,L - Passività,,,Yes,,24,2.D,Debiti,,,,,,,,
2401,Obbligazioni non convertibili,,L - Passività,,,No,,24-1,2.D.1,Obbligazioni,,,,,,,,
2402,Obbligazioni convertibili,,L - Passività,,,No,,24-1,2.D.2,Obbligazioni convertibili,,,,,,,,
2403,Debiti verso soci per finanziamenti,,,,,,,24-1,2.D.3,Debiti verso soci per finanziamenti,,,,,,,,
2404-1,Mutui ipotecari,,L - Passività,,,No,,24-1,2.D.4,Debiti verso banche,,,,,,,,
2404-2,Finanziamenti bancari,,L - Passività,,,No,,24-1,2.D.4,Debiti verso banche,,,,,,,,
2404-3,Sovvenzioni bancarie,,L - Passività,,,No,,24-1,2.D.4,Debiti verso banche,,,,,,,,
2404-4,Banche c/c passivi,,L - Passività,,,No,,24-1,2.D.4,Debiti verso banche,,,,,,,,
2405,Finanziamenti non bancari,,L - Passività,,,No,,24-1,2.D.5,Debiti verso altri finanziatori,,,,,,,,
2408,Debiti rappresentati da titoli di credito,,L - Passività,,,No,,24-1,2.D.8,Debiti rappresentati da titoli di credito,,,,,,,,
24-6,Altri debiti commerciali,,L - Passività,,,Yes,,24,2.D,Debiti,,,,,,,,
2406,Acconti,,L - Passività,,Yes,No,C_PREPAYMENT_ACCT,24-6,2.D.6,Debiti per acconti,,,,,,,,
2407-1,Debiti per servizi,,L - Passività,,Yes,No,V_LIABILITY_SERVICES_ACCT,24-6,2.D.7,Debiti verso fornitori,,,,,,,,
2407-2,Altri debiti commerciali,,L - Passività,,Yes,No,B_PAYMENTSELECT_ACCT,24-6,2.D.7,Debiti verso fornitori,,,,,,,,
24-7,Debiti verso Fornitori,,L - Passività,,,Yes,,24,2.D,Debiti,,,,,,,,
2407-3,Debiti verso fornitori,,L - Passività,,Yes,No,V_LIABILITY_ACCT,24-7,2.D.7,Debiti verso fornitori,,,,,,,,
2407-4,Cambiali passive,,L - Passività,,,No,,24-7,2.D.7,Debiti verso fornitori,,,,,,,,
2407-5,Fatture da ricevere,,L - Passività,,Yes,No,NOTINVOICEDRECEIPTS_ACCT,24-7,2.D.7,Debiti verso fornitori,,,,,,,,
2407-6,Debiti verso intragruppo,,L - Passività,,Yes,No,INTERCOMPANYDUETO_ACCT,24-7,2.D.7,Debiti verso fornitori,,,,,,,,
2407-7,Altro debiti verso fornitori,,L - Passività,,,No,,24-7,2.D.7,Debiti verso fornitori,,,,,,,,
24-9,Debiti intragruppo,,L - Passività,,,Yes,,24,2.D,Debiti,,,,,,,,
2409,Debiti verso imprese controllate,,L - Passività,,,No,,24-9,2.D.9,Debiti verso imprese controllate,,,,,,,,
2410,Debiti verso imprese collegate,,L - Passività,,,No,,24-9,2.D.10,Debiti verso imprese collegate,,,,,,,,
2411,Debiti verso controllanti,,L - Passività,,,No,,24-9,2.D.11,Debiti verso controllanti,,,,,,,,
24-12,Debiti tributari,,L - Passività,,,Yes,,24,2.D,Debiti,,,,,,,,
2412-1,IVA nostro debito 4%,,L - Passività,,,No,,24-12,2.D.12,Altri tributari,,,,,,,,
2412-2,IVA nostro debito 10%,,L - Passività,,,No,,24-12,2.D.12,Altri tributari,,,,,,,,
2412-3,IVA nostro debito 20%,,L - Passività,,,No,,24-12,2.D.12,Altri tributari,,,,,,,,
2412-4,Debito per IVA,,L - Passività,,,No,,24-12,2.D.12,Altri tributari,,,,,,,,
2412-5,Debito per imposte su benefici differiti,,L - Passività,,Yes,No,T_DUE_ACCT,24-12,2.D.12,Altri tributari,,,,,,,,
2412-6,Erario c/ritenute da versare,Sostituto d'imposta,L - Passività,,Yes,No,WITHHOLDING_ACCT,24-12,2.D.12,Altri tributari,,,,,,,,
2412-7,Altri debiti verso l'erario,,L - Passività,,,No,,24-12,2.D.12,Altri tributari,,,,,,,,
2412-8,Debiti per imposte,,L - Passività,,Yes,No,T_LIABILITY_ACCT,24-12,2.D.12,Altri tributari,,,,,,,,
24-14,Debiti diversi,,L - Passività,,,Yes,,24,2.D,Debiti,,,,,,,,
2413-1,Debiti v/istituti previdenziali,,L - Passività,,,No,,24-14,2.D.13,Debiti verso istituti di previdenza e di sicurezza sociale,,,,,,,,
2413-2,Istituti previdenziali,,L - Passività,,,No,,24-14,2.D.13,Debiti verso istituti di previdenza e di sicurezza sociale,,,,,,,,
2414-1,Personale c/retribuzioni,,L - Passività,,,No,,24-14,2.D.14,Altri debiti,,,,,,,,
2414-2,Personale c/liquidazioni,,L - Passività,,,No,,24-14,2.D.14,Altri debiti,,,,,,,,
2414-3,Debiti per cauzioni,,L - Passività,,,No,,24-14,2.D.14,Altri debiti,,,,,,,,
2414-4,Debiti diversi,,L - Passività,,,No,,24-14,2.D.14,Altri debiti,,,,,,,,
25,Ratei e risconti passivi,,L - Passività,,,Yes,,2,2.E,Ratei e risconti passivi,,,,,,,,
251,Ratei passivi,,L - Passività,,,No,,25,2.E.I,Ratei passivi,,,,,,,,
252,Risconti passivi,,L - Passività,,,No,,25,2.E.II,Risconti passivi,,,,,,,,
4,Altri conti patrimoniali,,A - Attività,,,Yes,, , ,,,,,,,,,
41,Conti transitori e finali,,A - Attività,,,Yes,,4,,,,,,,,,,
411,Conto del patrimonio,,A - Attività,,,No,,41,,,,,,,,,,
412,Bilancio di apertura,,A - Attività,,,No,,41,,,,,,,,,,
42,Conti d'ordine,,A - Attività,,,Yes,,4,,,,,,,,,,
421,Impegni,,A - Attività,,,Yes,,42,,,,,,,,,,
421-1,Beni da ricevere,,A - Attività,,,No,,421,,,,,,,,,,
421-2,Fornitori per beni da ricevere,,A - Attività,,Yes,No,V_PREPAYMENT_ACCT,421,,,,,,,,,,
421-3,Beni da consegnare,,L - Passività,,,No,,421,,,,,,,,,,
421-4,Clienti per beni da consegnare,,A - Attività,,,No,,421,,,,,,,,,,
421-5,Beni in leasing,,L - Passività,,,No,,421,,,,,,,,,,
421-6,Creditori per beni in leasing,,A - Attività,,,No,,421,,,,,,,,,,
422,Beni di terzi,,A - Attività,,,Yes,,42,,,,,,,,,,
422-1,Beni di terzi,,A - Attività,,,No,,422,,,,,,,,,,
423,Beni nostri presso terzi,,A - Attività,,,Yes,,42,,,,,,,,,,
423-1,Beni nostri presso terzi,,A - Attività,,,No,,423,,,,,,,,,,
424,Rischi,,A - Attività,,,Yes,,42,,,,,,,,,,
424-1,Rischi,,A - Attività,,,No,,424,,,,,,,,,,
3,Risultato economico,,R - Ricavi,,,Yes,,,,,,,3.E.23,Utile o perdita dell'esercizio,,,,
30,Risultato prima delle imposte,,R - Ricavi,,,Yes,,3,,,,,3.ABCDE,Risultato prima delle imposte,,,,
3522,Imposte sul reddito dell'esercizio,,E - Costi,,,No,,3,,,,,3.E.22,Imposte sul reddito dell'esercizio,,,,
31,Valore della produzione,,R - Ricavi,,,Yes,,30,,,,,3.A,Valore della produzione,,,,
311-1,Ricavi vendite e prestazioni,,R - Ricavi,,,Yes,,31,,,,,3.A.1,Ricavi delle vendite e delle prestazioni,,,,
311-11,Vendite di imballaggi,,R - Ricavi,,,No,,311-1,,,,,3.A.1,Ricavi delle vendite e delle prestazioni,,,,
311-12,Ricavi per prestazione di servizi,,R - Ricavi,,,No,,311-1,,,,,3.A.1,Ricavi delle vendite e delle prestazioni,,,,
311-13,Sconti per pagamenti anticipati,,R - Ricavi,,Yes,No,PAYDISCOUNT_EXP_ACCT,311-1,,,,,3.A.1,Ricavi delle vendite e delle prestazioni,,,,
311-14,Resi su vendite,,E - Costi,,,No,,311-1,,,,,3.A.1,Ricavi delle vendite e delle prestazioni,,,,
311-15,Ribassi e abbuoni passivi,,E - Costi,,Yes,No,P_TRADEDISCOUNTREC_ACCT,311-1,,,,,3.A.1,Ricavi delle vendite e delle prestazioni,,,,
3295-5,Premi a clienti,,E - Costi,,,No,,311-1,,,,,3.B.9.e,Altri costi del personale,,,,
315-7,Rimborso spese,,R - Ricavi,,,No,,311-1,,,,,3.A.5,Altri ricavi e proventi,,,,
311-2,Vendite di merci,,R - Ricavi,, ,Yes,,31,,,,,3.A.1,Ricavi delle vendite e delle prestazioni,,,,
311-21,Ricavi fatturati e spediti,,R - Ricavi,,Yes,No,P_REVENUE_ACCT,311-2,,,,,3.A.1,Ricavi delle vendite e delle prestazioni,,,,
311-22,Ricavi fatturati ma non spediti,,R - Ricavi,,Yes,No,UNEARNEDREVENUE_ACCT,311-2,,,,,3.A.1,Ricavi delle vendite e delle prestazioni,,,,
311-23,Ricavi vendite non ancora fatturate,,R - Ricavi,,Yes,No,NOTINVOICEDREVENUE_ACCT,311-2,,,,,3.A.1,Ricavi delle vendite e delle prestazioni,,,,
315,Altri ricavi e proventi,,R - Ricavi,,,Yes,,31,,,,,3.A.5,Altri ricavi e proventi,,,,
315-1,Ricavi e proventi vari,,R - Ricavi,,Yes,No,CH_REVENUE_ACCT,315,,,,,3.A.5,Altri ricavi e proventi,,,,
315-2,Fitti attivi,,R - Ricavi,,,No,,315,,,,,3.A.5,Altri ricavi e proventi,,,,
315-3,Arrotondamenti positivi,,R - Ricavi,,,No,,315,,,,,3.A.5,Altri ricavi e proventi,,,,
315-4,Ricavi da scontrini,,R - Ricavi,,Yes,No,CB_RECEIPT_ACCT,315,,,,,3.A.5,Altri ricavi e proventi,,,,
315-5,Differenze positive sul cambio (stessa divisa estera),Guadagni realizzati per via del differente cambio tra il giorno dell'emissione del documento contabile ed il giorno del pagamento,R - Ricavi,,Yes,No,UNREALIZEDGAIN_ACCT,315,,,,,3.A.5,Altri ricavi e proventi,,,,
315-6,Differenze positive sul cambio (divisa differente tra documento e pagamento),Guadagni realizzati per via della differente divisa utilizzata per il documento contabile ed il pagamento,R - Ricavi,,Yes,No,REALIZEDGAIN_ACCT,315,,,,,3.A.5,Altri ricavi e proventi,,,,
32,Costi della produzione,,E - Costi,,,Yes,,30,,,,,3.B,,,,,
36,Conti vari,,,,,Yes,,3,,,,,,,,,,
36-1,Perdite su prodotti fatturati,Differenza tra prezzo di costo e prezzo di fatturazione,E - Costi,,Yes,No,P_INVOICEPRICEVARIANCE_ACCT,36,,,,,,,,,,
36-2,Varianza del prezzo di acquisto,Differenza tra prezzo di acquisto con i costi standard,E - Costi,,Yes,No,P_PURCHASEPRICEVARIANCE_ACCT,36,,,,,,,,,,
36-3,Benefici in valori negoziabili,,E - Costi,,Yes,No,PPVOFFSET_ACCT,36,,,,,,,,,,
36-4,Bilancio in transito,Da ricontrollare e risolvere,E - Costi,,Yes,No,SUSPENSEBALANCING_ACCT,36,,,,,,,,,,
36-5,Errore nel bilancio,Da ricontrollare e risolvere,E - Costi,,Yes,No,SUSPENSEERROR_ACCT,36,,,,,,,,,,
36-6,Perdite e guadagni,,E - Costi,,Yes,No,DEFAULT_ACCT,36,,,,,,,,,,
326,Costi acquisto merci e materiali di consumo,,E - Costi,,,Yes,,32,,,,,3.B.6,"Acquisti materie prime, sussidiarie, di consumo e di merci",,,,
326-1,Acquisti di merci invendute,,E - Costi,,,No,,326,,,,,3.B.6,"Acquisti materie prime, sussidiarie, di consumo e di merci",,,,
326-2,Acquisti di imballaggi,,E - Costi,,,No,,326,,,,,3.B.6,"Acquisti materie prime, sussidiarie, di consumo e di merci",,,,
326-3,Acquisti di materiali di consumo,,E - Costi,,Yes,No,P_EXPENSE_ACCT,326,,,,,3.B.6,"Acquisti materie prime, sussidiarie, di consumo e di merci",,,,
326-4,Resi su acquisti,,R - Ricavi,,,No,,326,,,,,3.B.6,"Acquisti materie prime, sussidiarie, di consumo e di merci",,,,
326-5,Ribassi e abbuoni attivi,,R - Ricavi,,Yes,No,P_TRADEDISCOUNTGRANT_ACCT,326,,,,,3.B.6,"Acquisti materie prime, sussidiarie, di consumo e di merci",,,,
315-8,Premi da fornitori,,E - Costi,,,No,,326,,,,,3.A.5,Altri ricavi e proventi,,,,
315-9,Sconti per pagamenti anticipati,,E - Costi,,Yes,No,PAYDISCOUNT_REV_ACCT,326,,,,,3.A.5,Altri ricavi e proventi,,,,
326-6,Acquisti di merci vendute,,E - Costi,,Yes,No,P_COGS_ACCT,326,,,,,3.B.6,"Acquisti materie prime, sussidiarie, di consumo e di merci",,,,
327,Costi per prestazioni e servizi,,E - Costi,,,Yes,,32,,,,,3.B.7,Spese per prestazione di servizi ,,,,
327-1,Costi di trasporto,,E - Costi,,,No,,327,,,,,3.B.7,Spese per prestazione di servizi ,,,,
327-2,Costi di energia,,E - Costi,,,No,,327,,,,,3.B.7,Spese per prestazione di servizi ,,,,
327-3,Costi di pubblicità,,E - Costi,,,No,,327,,,,,3.B.7,Spese per prestazione di servizi ,,,,
327-4,Assicurazioni,,E - Costi,,,No,,327,,,,,3.B.7,Spese per prestazione di servizi ,,,,
327-5,Spese postali,,E - Costi,,,No,,327,,,,,3.B.7,Spese per prestazione di servizi ,,,,
327-6,Spese telefoniche,,E - Costi,,,No,,327,,,,,3.B.7,Spese per prestazione di servizi ,,,,
327-7,Spese legali e notarili,,E - Costi,,,No,,327,,,,,3.B.7,Spese per prestazione di servizi ,,,,
327-8,Spese di banca,,E - Costi,,Yes,No,B_EXPENSE_ACCT,327,,,,,3.B.7,Spese per prestazione di servizi ,,,,
327-9,Manutenzioni riparazioni,,E - Costi,,,No,,327,,,,,3.B.7,Spese per prestazione di servizi ,,,,
3295-1,Imponibile omaggi,,E - Costi,,,No,,327,,,,,3.B.9.e,Altri costi del personale,,,,
3295-2,IVA c/omaggi,,E - Costi,,,No,,327,,,,,3.B.9.e,Altri costi del personale,,,,
3295-3,Provvigioni passive,,E - Costi,,,No,,327,,,,,3.B.9.e,Altri costi del personale,,,,
3295-4,Competenze a terzi,,E - Costi,,,No,,327,,,,,3.B.9.e,Altri costi del personale,,,,
328,Costi per godimento beni di terzi,,E - Costi,,,Yes,,32,,,,,3.B.8,Spese per godimento di beni di terzi ,,,,
328-1,Fitti passivi,,E - Costi,,,No,,328,,,,,3.B.8,Spese per godimento di beni di terzi ,,,,
328-2,Canoni leasing,,E - Costi,,,No,,328,,,,,3.B.8,Spese per godimento di beni di terzi ,,,,
329,Costi per il personale,,E - Costi,,,Yes,,32,,,,,3.B.9,Costi del personale,,,,
3291,Salari e stipendi,,E - Costi,,Yes,No,E_EXPENSE_ACCT,329,,,,,3.B.9.a,Salari e stipendi,,,,
3292,Oneri sociali,,E - Costi,,,No,,329,,,,,3.B.9.b,Oneri sociali,,,,
3293,Trattamenti di fine rapporto di lavoro,,E - Costi,,,No,,329,,,,,3.B.9.c,Accantonamento al Trattamento di Fine Rapporto Lavorativo,,,,
3294,Trattamenti di quiescenza e simili,,E - Costi,,,No,,329,,,,,3.B.9.d,Accantonamento per trattamento di quiescenza e simili ,,,,
3295-6,Altri costi per il personale,,E - Costi,,,No,,329,,,,,3.B.9.e,Altri costi del personale,,,,
3210,Ammortamenti e svalutazioni,,E - Costi,,,Yes,,32,,,,,3.B.10,Ammortamenti e svalutazioni,,,,
32101,Ammortamento immobilizzazioni immateriali,,E - Costi,,,Yes,,3210,,,,,3.B.10.a,Ammortamento delle immobilizzazioni immateriali ,,,,
32101-1,Ammortamento impianto e ampliamento,,E - Costi,,,No,,32101,,,,,3.B.10.a,Ammortamento delle immobilizzazioni immateriali ,,,,
32101-2,Ammortamento avviamento,,E - Costi,,,No,,32101,,,,,3.B.10.a,Ammortamento delle immobilizzazioni immateriali ,,,,
32101-3,Ammortamento di altre immobilizzazioni immateriali,,E - Costi,,,No,,32101,,,,,3.B.10.a,Ammortamento delle immobilizzazioni immateriali ,,,,
32102,Ammortamento immobilizzazioni materiali,,E - Costi,,,Yes,,3210,,,,,3.B.10.b,Ammortamento delle immobilizzazioni materiali ,,,,
32102-1,Ammortamento fabbricati,,E - Costi,,,No,,32102,,,,,3.B.10.b,Ammortamento delle immobilizzazioni materiali ,,,,
32102-2,Ammortamento impianti e macchinari,,E - Costi,,,No,,32102,,,,,3.B.10.b,Ammortamento delle immobilizzazioni materiali ,,,,
32102-3,Ammortamento attrezzature commerciali,,E - Costi,,,No,,32102,,,,,3.B.10.b,Ammortamento delle immobilizzazioni materiali ,,,,
32102-4,Ammortamento attrezzature d'ufficio,,E - Costi,,,No,,32102,,,,,3.B.10.b,Ammortamento delle immobilizzazioni materiali ,,,,
32102-5,Ammortamento arredamento,,E - Costi,,,No,,32102,,,,,3.B.10.b,Ammortamento delle immobilizzazioni materiali ,,,,
32102-6,Ammortamento automezzi,,E - Costi,,,No,,32102,,,,,3.B.10.b,Ammortamento delle immobilizzazioni materiali ,,,,
32103,Altre svalutazioni delle immobilizzazioni ,,E - Costi,,,No,,3210,,,,,3.B.10.c,Altre svalutazioni delle immobilizzazioni ,,,,
32104,Svalutazioni,,E - Costi,,,Yes,,3210,,,,,3.B.10,Ammortamenti e svalutazioni,,,,
32104-1,Svalutazioni dell'attivo circolante e delle disponibilità liquide ,,E - Costi,,Yes,No,CB_EXPENSE_ACCT,32104,,,,,3.B.10.d,Svalutazioni dell'attivo circolante e delle disponibilità liquide ,,,,
32104-2,Differenze di cassa,,E - Costi,,Yes,No,CB_DIFFERENCES_ACCT,32104,,,,,3.B.10.d,Svalutazioni dell'attivo circolante e delle disponibilità liquide ,,,,
3211,Svalutazione magazzino,,E - Costi,,Yes,No,W_REVALUATION_ACCT,3210,,,,,3.B.11,"Variazioni rimanenze materie prime, sussidiarie, di consumo e merci",,,,
3212-3,Svalutazione crediti,,E - Costi,,,No,,3210,,,,,3.B.12,Accantonamento per rischi,,,,
312,Esistenza iniziale e finale,,E - Costi,,,Yes,,32,,,,,3.A.2,"Variazione rimanenze prodotti in lavorazione, semilavorati e finiti",,,,
312-1,Esistenza iniziale merci,,E - Costi,,,No,,312,,,,,3.A.2,"Variazione rimanenze prodotti in lavorazione, semilavorati e finiti",,,,
312-2,Esistenza iniziale imballaggi,,E - Costi,,,No,,312,,,,,3.A.2,"Variazione rimanenze prodotti in lavorazione, semilavorati e finiti",,,,
312-3,Esistenza iniziale materie di consumo,,E - Costi,,,No,,312,,,,,3.A.2,"Variazione rimanenze prodotti in lavorazione, semilavorati e finiti",,,,
312-4,Rimanenze finali merci,,R - Ricavi,,,No,,312,,,,,3.A.2,"Variazione rimanenze prodotti in lavorazione, semilavorati e finiti",,,,
312-5,Rimanenze finali imballaggi,,R - Ricavi,,,No,,312,,,,,3.A.2,"Variazione rimanenze prodotti in lavorazione, semilavorati e finiti",,,,
312-6,Rimanenze finali materie di consumo,,R - Ricavi,,,No,,312,,,,,3.A.2,"Variazione rimanenze prodotti in lavorazione, semilavorati e finiti",,,,
312-7,Attualizzazione delle rimanenze finali,,E - Costi,,Yes,No,W_INVACTUALADJUST_ACCT,312,,,,,3.A.2,"Variazione rimanenze prodotti in lavorazione, semilavorati e finiti",,,,
312-8,Variazioni merci,,E - Costi,,Yes,No,W_DIFFERENCES_ACCT,312,,,,,3.A.2,"Variazione rimanenze prodotti in lavorazione, semilavorati e finiti",,,,
312-9,Variazioni imballaggi,,E - Costi,,,No,,312,,,,,3.A.2,"Variazione rimanenze prodotti in lavorazione, semilavorati e finiti",,,,
312-10,Variazioni materie di consumo,,E - Costi,,,No,,312,,,,,3.A.2,"Variazione rimanenze prodotti in lavorazione, semilavorati e finiti",,,,
313,Variazione dei lavori in corso su ordinazione,,E - Costi,,,No,,312,,,,,3.A.3,Variazione dei lavori in corso su ordinazione,,,,
314,Incrementi di immobilizzazioni per lavori interni,,E - Costi,,,No,,312,,,,,3.A.4,Incrementi di immobilizzazioni per lavori interni,,,,
3212,Accantonamenti per rischi,,E - Costi,,,Yes,,32,,,,,3.B.12,Accantonamenti per rischi,,,,
3212-1,Accantonamenti per rischi su crediti,,E - Costi,,,No,,3212,,,,,3.B.12,Accantonamenti per rischi,,,,
3213-1,Accantonamenti su imposte,,E - Costi,,,No,,3212,,,,,3.B.13,Altri accantonamenti ,,,,
3212-2,Altri accantonamenti rischi-oneri,,E - Costi,,,No,,3212,,,,,3.B.12,Accantonamenti per rischi,,,,
3213,Altri accantonamenti,,E - Costi,,,Yes,,32,,,,,3.B.13,Altri accantonamenti ,,,,
3213-2,Accantonamenti per spese future,,E - Costi,,,No,,3213,,,,,3.B.13,Altri accantonamenti ,,,,
3213-3,Accantonamenti per manutenzioni e riparazioni,,E - Costi,,,No,,3213,,,,,3.B.13,Altri accantonamenti ,,,,
3213-4,Altri accantonamenti,,E - Costi,,,No,,3213,,,,,3.B.13,Altri accantonamenti ,,,,
3214,Oneri diversi,,E - Costi,,,Yes,,32,,,,,3.B.14,Oneri diversi di gestione ,,,,
3214-1,Imposta di bollo,,E - Costi,,,No,,3214,,,,,3.B.14,Oneri diversi di gestione ,,,,
3214-2,Tassa di concessione governativa,,E - Costi,,,No,,3214,,,,,3.B.14,Oneri diversi di gestione ,,,,
3214-3,Imposte comunali,,E - Costi,,,No,,3214,,,,,3.B.14,Oneri diversi di gestione ,,,,
3214-4,Imposte anticipate ai fornitori,,E - Costi,,Yes,No,T_EXPENSE_ACCT,3214,,,,,3.B.14,Oneri diversi di gestione ,,,,
3214-5,Imposte di esercizio,,E - Costi,,,No,,3214,,,,,3.B.14,Oneri diversi di gestione ,,,,
3214-6,Perdite su crediti,,E - Costi,,Yes,No,WRITEOFF_ACCT,3214,,,,,3.B.14,Oneri diversi di gestione ,,,,
3214-7,Differenze negative sul cambio (stessa divisa estera),Perdite realizzate per via del differente cambio tra il giorno dell'emissione del documento contabile ed il giorno del pagamento,E - Costi,,Yes,No,UNREALIZEDLOSS_ACCT,3214,,,,,3.B.14,Oneri diversi di gestione ,,,,
3214-8,Differenze negative sul cambio (divisa differente tra documento e pagamento),Perdite realizzate per via della differente divisa utilizzata per il documento contabile ed il pagamento,E - Costi,,Yes,No,REALIZEDLOSS_ACCT,3214,,,,,3.B.14,Oneri diversi di gestione ,,,,
3214-9,Oneri e perdite varie,,E - Costi,,Yes,No,CH_EXPENSE_ACCT,3214,,,,,3.B.14,Oneri diversi di gestione ,,,,
3214-10,Arrotondamenti negativi,,E - Costi,,Yes,No,CURRENCYBALANCING_ACCT,3214,,,,,3.B.14,Oneri diversi di gestione ,,,,
33,Proventi e oneri finanziari,,R - Ricavi,,,Yes,,30,,,,,3.C,Proventi e oneri finanziari,,,,
3315,Proventi da partecipazioni,,R - Ricavi,,,Yes,,33,,,,,3.C.15,Proventi da partecipazioni,,,,
3315-1,Proventi da partecipazioni,,R - Ricavi,,,No,,3315,,,,,3.C.15,Proventi da partecipazioni,,,,
3316,Altri proventi finanziari ,,R - Ricavi,,,Yes,,33,,,,,3.C.16,Altri proventi finanziari,,,,
3316-1,Proventi da crediti iscritti nelle immobilizzazioni ,,R - Ricavi,,,No,,3316,,,,,3.C.16.a,Proventi da crediti iscritti nelle immobilizzazioni ,,,,
3316-3,Proventi da titoli iscritti all'attivo circolante che non costituiscono partecipazioni ,,R - Ricavi,,,No,,3316,,,,,3.C.16.c,Proventi da titoli iscritti all'attivo circolante che non costituiscono partecipazioni ,,,,
3316-41,Interessi attivi da banche,,R - Ricavi,,Yes,No,B_INTERESTREV_ACCT,3316,,,,,3.C.16.d,Proventi diversi dai precedenti,,,,
3316-42,Interessi attivi da clienti,,R - Ricavi,,,No,,3316,,,,,3.C.16.d,Proventi diversi dai precedenti,,,,
3316-43,Interessi attivi vari,,R - Ricavi,,,No,,3316,,,,,3.C.16.d,Proventi diversi dai precedenti,,,,
3316-44,Interessi su titoli,,R - Ricavi,,,No,,3316,,,,,3.C.16.d,Proventi diversi dai precedenti,,,,
3316-45,Proventi dalla rivalutazione dei conti correnti bancari in divisa estera,,R - Ricavi,,Yes,No,B_REVALUATIONGAIN_ACCT,3316,,,,,3.C.16.d,Proventi diversi dai precedenti,,,,
3316-46,Differenze positive tra le fatture e le scritture bancarie,,R - Ricavi,,Yes,No,B_SETTLEMENTGAIN_ACCT,3316,,,,,3.C.16.d,Proventi diversi dai precedenti,,,,
3316-47,Proventi finanziari vari,,R - Ricavi,,,No,,3316,,,,,3.C.16.d,Proventi diversi dai precedenti,,,,
3316-2,Utile su titoli,,R - Ricavi,,,No,,3316,,,,,3.C.16.b,Proventi da titoli iscritti nelle immobilizzazioni che non costituiscono partecipazioni ,,,,
3317,Oneri finanziari,,E - Costi,,,Yes,,33,,,,,3.C.17,Interessi ed altri oneri finanziari,,,,
3317-1,Interessi passivi a banche,,E - Costi,,Yes,No,B_INTERESTEXP_ACCT,3317,,,,,3.C.17,Interessi ed altri oneri finanziari,,,,
3317-2,Interessi passivi a fornitori,,E - Costi,,,No,,3317,,,,,3.C.17,Interessi ed altri oneri finanziari,,,,
3317-3,Interessi passivi su finanziamenti,,E - Costi,,,No,,3317,,,,,3.C.17,Interessi ed altri oneri finanziari,,,,
3317-4,Interessi passivi su mutui,,E - Costi,,,No,,3317,,,,,3.C.17,Interessi ed altri oneri finanziari,,,,
3317-5,Interessi passivi vari,,E - Costi,,,No,,3317,,,,,3.C.17,Interessi ed altri oneri finanziari,,,,
3317-6,Oneri dalla rivalutazione dei conti correnti bancari in divisa estera,,E - Costi,,Yes,No,B_REVALUATIONLOSS_ACCT,3317,,,,,3.C.17,Interessi ed altri oneri finanziari,,,,
3317-7,Differenze negative tra le fatture e le scritture bancarie,,E - Costi,,Yes,No,B_SETTLEMENTLOSS_ACCT,3317,,,,,3.C.17,Interessi ed altri oneri finanziari,,,,
3317-8,Oneri finanziari vari,,E - Costi,,,No,,3317,,,,,3.C.17,Interessi ed altri oneri finanziari,,,,
3317-9,Perdite su titoli,,E - Costi,,,No,,3317,,,,,3.C.17,Interessi ed altri oneri finanziari,,,,
34,Rettifiche di valore di attività finanziarie,,R - Ricavi,,,Yes,,30,,,,,3.D,Rettifiche di valore di attività finanziarie,,,,
3418,Rivalutazioni,,R - Ricavi,,,Yes,,34,,,,,3.D.18,Rivalutazioni,,,,
34181,Rivalutazioni di partecipazioni,,R - Ricavi,,,No,,3418,,,,,3.D.18.a,Rivalutazioni di partecipazioni,,,,
34182,Rivalutazioni di immobilizzazioni finanziarie non partecipazioni,,R - Ricavi,,,No,,3418,,,,,3.D.18.b,Rivalutazioni di immobilizzazioni finanziarie non partecipazioni,,,,
34183,Rivalutazioni di titoli iscritti nell'attivo circolante non partecipazioni,,R - Ricavi,,,No,,3418,,,,,3.D.18.c,Rivalutazioni di titoli iscritti nell'attivo circolante non partecipazioni,,,,
3419,Svalutazioni,,E - Costi,,,Yes,,34,,,,,3.D.19,Svalutazioni,,,,
34191,Svalutazioni di partecipazioni,,E - Costi,,,Yes,,3419,,,,,3.D.19.a,Svalutazioni di partecipazioni,,,,
34192,Svalutazioni di immobilizzazioni finanziarie non partecipazioni,,E - Costi,,,Yes,,3419,,,,,3.D.19.b,Svalutazioni di immobilizzazioni finanziarie non partecipazioni,,,,
34193,Svalutazioni di titoli iscritti nell'attivo circolante non partecipazioni,,E - Costi,,,Yes,,3419,,,,,3.D.19.c,Svalutazioni di titoli iscritti nell'attivo circolante non partecipazioni,,,,
35,Proventi ed oneri straordinari,,R - Ricavi,,,Yes,,30,,,,,3.E,Proventi ed oneri straordinari,,,,
3520,Proventi straordinari,,R - Ricavi,,,Yes,,35,,,,,3.E.20,Proventi straordinari,,,,
3520-1,Plusvalenze,,R - Ricavi,,,No,,3520,,,,,3.E.20,Proventi straordinari,,,,
3520-2,Sopravvenienze e insussistenze attive,,R - Ricavi,,,No,,3520,,,,,3.E.20,Proventi straordinari,,,,
3521,Oneri straordinari,,E - Costi,,,Yes,,35,,,,,3.E.21,Oneri straordinari,,,,
3521-1,Minusvalenze,,E - Costi,,,No,,3521,,,,,3.E.21,Oneri straordinari,,,,
3521-2,Sopravvenienze e insussistenze passive,,E - Costi,,Yes,No,INCOMESUMMARY_ACCT,3521,,,,,3.E.21,Oneri straordinari,,,,