11,11,0,1000002,2005000,1,1,07042004,,07042004,,,,HP Server for Database,08072008,Y,N,N,Y,Y,Headquarters,,,,HP Server for Database,TYDSFJKH,36,3,,,2005000,2005000,5000,2083.33,0,0,500,0,36,15,0,3,0,A,1000000,1000002,1000001,266,295,DFT,,,,,,1000003,,1000000,1000000,,,,,1,36,1,101,Upload Sample Asset,1000002-Data Processing Equipment,1000000-HQ-Data Processing Equipment-_-_-_-_,1000002-HQ-Data Processing Equipment Depreciation-_-_-_-_,1000001-HQ-Data Processing Equipment Accumulated Depreciation-_-_-_-_,1000003-Straight Line Depreciation,,1000000-Month - Current Period,1000000-FMCON,
11,11,0,1000002,2005001,1,1,07052004,,08042004,,,,HP Server for Application Server,08072008,Y,N,N,Y,Y,Headquarters,,,,HP Server for Application Server,RTELKHJS122,36,3,,,2005001,2005001,8500,3541.66,0,0,500,0,36,15,0,3,0,A,1000000,1000002,1000001,266,295,DFT,,,,,,1000003,,1000002,1000000,,,,,1,36,1,101,Upload Sample Asset,1000002-Data Processing Equipment,1000000-HQ-Data Processing Equipment-_-_-_-_,1000002-HQ-Data Processing Equipment Depreciation-_-_-_-_,1000001-HQ-Data Processing Equipment Accumulated Depreciation-_-_-_-_,1000003-Straight Line Depreciation,,1000002-Year - Remainder of year,1000000-FMCON,
11,11,0,1000002,2005002,1,1,07052004,,08042004,,,,HP Server for Web Server,08072008,Y,N,N,Y,Y,Headquarters,,,,HP Server for Web Server,RTELKHJS122,36,3,,,2005002,2005002,8500,3541.66,0,0,500,0,36,15,0,3,0,A,1000000,1000002,1000001,266,295,DFT,,,,,,1000003,,1000001,1000000,,,,,1,36,1,101,Upload Sample Asset,1000002-Data Processing Equipment,1000000-HQ-Data Processing Equipment-_-_-_-_,1000002-HQ-Data Processing Equipment Depreciation-_-_-_-_,1000001-HQ-Data Processing Equipment Accumulated Depreciation-_-_-_-_,1000003-Straight Line Depreciation,,1000001-Life - Remainder of life,1000000-FMCON,
11,11,0,1000002,2005003,10,10,10292004,,10302004,,,,Computers for Accounting,10042008,Y,N,N,Y,Y,Headquarters,,,,Accounting Computers,,36,3,,,2005003,2005003,5250,1750,0,0,500,0,36,12,0,3,0,A,1000000,1000002,1000001,266,295,DFT,,,,,,1000006,1000001,1000000,1000000,1583.333333,YR,,,1,36,1,101,Upload Sample Asset,1000002-Data Processing Equipment,1000000-HQ-Data Processing Equipment-_-_-_-_,1000002-HQ-Data Processing Equipment Depreciation-_-_-_-_,1000001-HQ-Data Processing Equipment Accumulated Depreciation-_-_-_-_,1000006-Manual Depreciation,1000001-Monthly Spread,1000000-Month - Current Period,1000000-FMCON,2005003
11,11,0,1000002,2005004,10,10,10292004,,10302004,,,,Computers for Marketing,10042008,Y,N,N,Y,Y,Headquarters,,,,Marketing Computers,,36,3,,,2005004,2005004,5250,1750,0,0,500,0,36,12,0,3,0,A,1000000,1000002,1000001,266,295,DFT,,,,,,1000006,1000000,1000000,1000000,1583.333333,YR,,,1,36,1,101,Upload Sample Asset,1000002-Data Processing Equipment,1000000-HQ-Data Processing Equipment-_-_-_-_,1000002-HQ-Data Processing Equipment Depreciation-_-_-_-_,1000001-HQ-Data Processing Equipment Accumulated Depreciation-_-_-_-_,1000006-Manual Depreciation,1000000-Quarterly Spread,1000000-Month - Current Period,1000000-FMCON,2005004
11,11,0,1000002,2005005,5,5,10292004,,10302004,,,,Computers for Production,10042008,Y,N,N,Y,Y,Headquarters,,,,Production Computers,,36,3,,,2005005,2005005,2625,875,0,0,500,0,36,12,0,3,0,A,1000000,1000002,1000001,266,295,DFT,,,,,,1000006,,1000000,1000000,59.02777778,PR,,,1,36,1,101,Upload Sample Asset,1000002-Data Processing Equipment,1000000-HQ-Data Processing Equipment-_-_-_-_,1000002-HQ-Data Processing Equipment Depreciation-_-_-_-_,1000001-HQ-Data Processing Equipment Accumulated Depreciation-_-_-_-_,1000006-Manual Depreciation,,1000000-Month - Current Period,1000000-FMCON,2005005
11,11,0,1000002,2005006,3,3,10292004,,10302004,,,,Computers for Production,10042008,Y,N,N,Y,Y,Headquarters,,,,Executive Computers,,36,3,,,2005006,2005006,3000,1000,0,0,500,0,36,12,0,3,0,A,1000000,1000002,1000001,266,295,DFT,,,,,,1000006,,1000002,1000000,69.44444444,PR,,,1,36,1,101,Upload Sample Asset,1000002-Data Processing Equipment,1000000-HQ-Data Processing Equipment-_-_-_-_,1000002-HQ-Data Processing Equipment Depreciation-_-_-_-_,1000001-HQ-Data Processing Equipment Accumulated Depreciation-_-_-_-_,1000006-Manual Depreciation,,1000002-Year - Remainder of year,1000000-FMCON,2005006
11,11,0,1000002,2005007,3,3,10292004,,10302004,,,,Computers for Production,10042008,Y,N,N,Y,Y,Headquarters,,,,Executive Computers,,36,3,,,2005007,2005007,3000,1000,0,0,500,0,36,12,0,3,0,A,1000000,1000002,1000001,266,295,DFT,,,,,,1000006,,1000001,1000000,69.44444444,PR,,,1,36,1,101,Upload Sample Asset,1000002-Data Processing Equipment,1000000-HQ-Data Processing Equipment-_-_-_-_,1000002-HQ-Data Processing Equipment Depreciation-_-_-_-_,1000001-HQ-Data Processing Equipment Accumulated Depreciation-_-_-_-_,1000006-Manual Depreciation,,1000001-Life - Remainder of life,1000000-FMCON,2005007
11,11,0,1000002,2005008,3,3,10292004,,10302004,,,,Computers for Store,10042008,Y,N,N,Y,Y,Headquarters,,,,Store Computers,,36,3,,,2005008,2005008,1500,500,0,0,500,0,36,12,0,3,0,A,1000014,1000039,1000029,266,295,DFT,,,,,,1000006,,1000000,1000001,27.77777778,PR,,,1,36,1,101,Upload Sample Asset,1000002-Data Processing Equipment,1000014-Store-Data Processing Equipment-_-_-_-_,1000039-Store-Data Processing Equipment Depreciation-_-_-_-_,1000029-Store-Data Processing Equipment Accumulated Depreciation-_-_-_-_,1000006-Manual Depreciation,,1000000-Month - Current Period,1000001-HYCON,2005008
11,11,0,1000001,2005009,1,1,10292005,,10292005,,,,Delivery Van for Store,,Y,N,N,Y,Y,Store,,,,Delivery Van,,48,4,,,2005009,2005009,15000,,0,0,3000,0,48,0,0,4,0,A,1000013,1000038,1000028,266,295,DFT,,,,,,1000008,,1000000,1000000,,,,,1,48,1,101,Upload Sample Asset,1000001-Vehicles,1000013-Store-Vehicles-_-_-_-_,1000038-Store-Vehicles Depreciation-_-_-_-_,1000028-Store-Vehicles Accumulated Depreciation-_-_-_-_,1000008-Declining Balance 200% (DB) Depreciation with a switch to Straight Line,,1000000-Month - Current Period,1000000-FMCON,2005009
11,11,0,1000001,2005010,1,1,02152002,,03152002,,,,Forklift for Store,,Y,N,N,Y,Y,Store,,,,Fork Lift,,60,5,,,2005010,2005010,25000,20668.93,0,0,7500,0,60,42,0,5,0,A,1000013,1000038,1000028,266,295,DFT,,,,,,1000008,,1000000,1000000,,,,,1,60,1,101,Upload Sample Asset,1000001-Vehicles,1000013-Store-Vehicles-_-_-_-_,1000038-Store-Vehicles Depreciation-_-_-_-_,1000028-Store-Vehicles Accumulated Depreciation-_-_-_-_,1000008-Declining Balance 200% (DB) Depreciation with a switch to Straight Line,,1000000-Month - Current Period,1000000-FMCON,2005010
11,11,0,1000001,2005011,1,1,10292005,,10292005,,,,Pickup Truck for Store,,Y,N,N,Y,Y,Store,,,,Pickup,,60,5,,,2005011,2005011,22000,0,0,0,2500,0,60,0,0,5,0,A,1000013,1000038,1000028,266,295,DFT,,,,,,1000008,,1000000,1000001,,,,,1,60,1,101,Upload Sample Asset,1000001-Vehicles,1000013-Store-Vehicles-_-_-_-_,1000038-Store-Vehicles Depreciation-_-_-_-_,1000028-Store-Vehicles Accumulated Depreciation-_-_-_-_,1000008-Declining Balance 200% (DB) Depreciation with a switch to Straight Line,,1000000-Month - Current Period,1000001-HYCON,2005011
11,11,0,1000006,2005012,1,1,10292005,,10292005,,,,Telephone System for Store,,Y,N,N,Y,Y,Store,,,,Telephone System – Store,,24,2,,,2005012,2005012,1500,0,0,0,0,0,24,0,0,2,0,A,1000012,1000038,1000027,266,295,DFT,,,,,,1000008,,1000000,1000002,,,,,1,24,1,101,Upload Sample Asset,1000006-Equipment,1000012-Store-Equipment-_-_-_-_,1000038-Store-Vehicles Depreciation-_-_-_-_,1000027-Store-Equipment Accumulated Depreciation-_-_-_-_,1000008-Declining Balance 200% (DB) Depreciation with a switch to Straight Line,,1000000-Month - Current Period,1000002-MMCON,2005012
11,11,0,1000006,2005013,1,1,10292005,,10292005,,,,Telephone System for Greenhouse #1,,Y,N,N,Y,Y,Greenhouse #1,,,,Telephone System – GH #1,,24,2,,,2005013,2005013,1500,0,0,0,0,0,24,0,0,2,0,A,1000012,1000038,1000027,266,295,DFT,,,,,,1000008,,1000000,1000003,,,,,1,24,1,101,Upload Sample Asset,1000006-Equipment,1000012-Store-Equipment-_-_-_-_,1000038-Store-Vehicles Depreciation-_-_-_-_,1000027-Store-Equipment Accumulated Depreciation-_-_-_-_,1000008-Declining Balance 200% (DB) Depreciation with a switch to Straight Line,,1000000-Month - Current Period,1000003-MQCON,2005013
11,11,0,1000006,2005014,1,1,10292005,,10292005,,,,Tiller – 25 HP,,Y,N,N,Y,Y,Greenhouse #1,,,,Tiller – 25 HP #1,,24,2,,,2005014,2005014,2500,0,0,0,0,0,24,0,0,2,0,A,1000012,1000038,1000027,266,295,DFT,,,,,,1000008,,1000000,1000001,,,,,1,24,1,101,Upload Sample Asset,1000006-Equipment,1000012-Store-Equipment-_-_-_-_,1000038-Store-Vehicles Depreciation-_-_-_-_,1000027-Store-Equipment Accumulated Depreciation-_-_-_-_,1000008-Declining Balance 200% (DB) Depreciation with a switch to Straight Line,,1000000-Month - Current Period,1000001-HYCON,2005014
11,11,0,1000006,2005015,1,1,10292005,,10292005,,,,Watering System,,Y,N,N,Y,Y,Greenhouse #1,,,,Watering System #1,,48,4,,,2005015,2005015,12500,0,0,0,0,0,48,0,0,4,0,A,1000012,1000038,1000027,266,295,DFT,,,,,,1000008,,1000000,1000005,,,,,1,48,1,101,Upload Sample Asset,1000006-Equipment,1000012-Store-Equipment-_-_-_-_,1000038-Store-Vehicles Depreciation-_-_-_-_,1000027-Store-Equipment Accumulated Depreciation-_-_-_-_,1000008-Declining Balance 200% (DB) Depreciation with a switch to Straight Line,,1000000-Month - Current Period,1000005-FYCON,2005015
11,11,0,1000006,2005016,1,1,10292005,,10292005,,,,50HP Tractor,,Y,N,N,Y,Y,Greenhouse #1,,,,50HP Tractor #1,,60,5,,,2005016,2005016,8500,0,0,0,1000,0,60,0,0,5,0,A,1000012,1000038,1000027,266,295,DFT,,,,,,1000008,,1000000,1000004,,,,,1,60,1,101,Upload Sample Asset,1000006-Equipment,1000012-Store-Equipment-_-_-_-_,1000038-Store-Vehicles Depreciation-_-_-_-_,1000027-Store-Equipment Accumulated Depreciation-_-_-_-_,1000008-Declining Balance 200% (DB) Depreciation with a switch to Straight Line,,1000000-Month - Current Period,1000004-DYCON,2005016
11,11,0,1000006,2005017,1,1,10292005,,10292005,,,,Heating system for Greenhouse,,Y,N,N,Y,Y,Greenhouse #1,,,,Heating System #1,,72,6,,,2005017,2005017,8000,0,0,0,1000,0,72,0,0,6,0,A,1000012,1000038,1000027,266,295,DFT,,,,,,1000008,,1000000,1000000,,,,,1,72,1,101,Upload Sample Asset,1000006-Equipment,1000012-Store-Equipment-_-_-_-_,1000038-Store-Vehicles Depreciation-_-_-_-_,1000027-Store-Equipment Accumulated Depreciation-_-_-_-_,1000008-Declining Balance 200% (DB) Depreciation with a switch to Straight Line,,1000000-Month - Current Period,1000000-FMCON,2005017
11,11,0,1000006,2005018,1,1,10292005,,10292005,,,,Telephone System for Greenhouse #2,,Y,N,N,Y,Y,Greenhouse #2,,,,Telephone System – GH #2,,24,2,,,2005018,2005018,1500,0,0,0,0,0,24,0,0,2,0,A,1000012,1000038,1000027,266,295,DFT,,,,,,1000000,,1000000,1000002,,,,,1,24,1,101,Upload Sample Asset,1000006-Equipment,1000012-Store-Equipment-_-_-_-_,1000038-Store-Vehicles Depreciation-_-_-_-_,1000027-Store-Equipment Accumulated Depreciation-_-_-_-_,1000000-Declining Balance 200% (DB) Depreciation,,1000000-Month - Current Period,1000002-MMCON,2005018
11,11,0,1000006,2005019,1,1,10292005,,10292005,,,,Telephone System for HQ,,Y,N,N,Y,Y,Headquarters,,,,Telephone System - HQ,,24,2,,,2005019,2005019,1500,0,0,0,0,0,24,0,0,2,0,A,1000012,1000038,1000027,266,295,DFT,,,,,,1000000,,1000000,1000003,,,,,1,24,1,101,Upload Sample Asset,1000006-Equipment,1000012-Store-Equipment-_-_-_-_,1000038-Store-Vehicles Depreciation-_-_-_-_,1000027-Store-Equipment Accumulated Depreciation-_-_-_-_,1000000-Declining Balance 200% (DB) Depreciation,,1000000-Month - Current Period,1000003-MQCON,2005019
11,11,0,1000006,2005020,1,1,10292005,,10292005,,,,Tiller – 25 HP,,Y,N,N,Y,Y,Greenhouse #2,,,,Tiller – 25 HP #2,,24,2,,,2005020,2005020,2500,0,0,0,0,0,24,0,0,2,0,A,1000012,1000038,1000027,266,295,DFT,,,,,,1000000,,1000000,1000001,,,,,1,24,1,101,Upload Sample Asset,1000006-Equipment,1000012-Store-Equipment-_-_-_-_,1000038-Store-Vehicles Depreciation-_-_-_-_,1000027-Store-Equipment Accumulated Depreciation-_-_-_-_,1000000-Declining Balance 200% (DB) Depreciation,,1000000-Month - Current Period,1000001-HYCON,2005020
11,11,0,1000006,2005021,1,1,10292005,,10292005,,,,Watering System,,Y,N,N,Y,Y,Greenhouse #2,,,,Watering System #2,,48,4,,,2005021,2005021,12500,0,0,0,0,0,48,0,0,4,0,A,1000012,1000038,1000027,266,295,DFT,,,,,,1000000,,1000000,1000005,,,,,1,48,1,101,Upload Sample Asset,1000006-Equipment,1000012-Store-Equipment-_-_-_-_,1000038-Store-Vehicles Depreciation-_-_-_-_,1000027-Store-Equipment Accumulated Depreciation-_-_-_-_,1000000-Declining Balance 200% (DB) Depreciation,,1000000-Month - Current Period,1000005-FYCON,2005021
11,11,0,1000006,2005022,1,1,10292005,,10292005,,,,50HP Tractor,,Y,N,N,Y,Y,Greenhouse #2,,,,50HP Tractor #2,,60,5,,,2005022,2005022,8500,0,0,0,1000,0,60,0,0,5,0,A,1000012,1000038,1000027,266,295,DFT,,,,,,1000000,,1000000,1000004,,,,,1,60,1,101,Upload Sample Asset,1000006-Equipment,1000012-Store-Equipment-_-_-_-_,1000038-Store-Vehicles Depreciation-_-_-_-_,1000027-Store-Equipment Accumulated Depreciation-_-_-_-_,1000000-Declining Balance 200% (DB) Depreciation,,1000000-Month - Current Period,1000004-DYCON,2005022
11,11,0,1000006,2005023,1,1,10292005,,10292005,,,,Heating system for Greenhouse,,Y,N,N,Y,Y,Greenhouse #2,,,,Heating System #2,,72,6,,,2005023,2005023,8000,0,0,0,1000,0,72,0,0,6,0,A,1000012,1000038,1000027,266,295,DFT,,,,,,1000000,,1000000,1000000,,,,,1,72,1,101,Upload Sample Asset,1000006-Equipment,1000012-Store-Equipment-_-_-_-_,1000038-Store-Vehicles Depreciation-_-_-_-_,1000027-Store-Equipment Accumulated Depreciation-_-_-_-_,1000000-Declining Balance 200% (DB) Depreciation,,1000000-Month - Current Period,1000000-FMCON,2005023
11,11,0,1000006,2005024,1,1,10292005,,10292005,,,,Humidifying system for Greenhouse,,Y,N,N,Y,Y,Greenhouse #1,,,,Humidifier System #1,,72,6,,,2005024,2005024,10000,0,0,0,500,0,72,0,0,6,0,A,1000012,1000038,1000027,266,295,DFT,,,,,,1000009,,1000000,1000000,,,,,1,72,1,101,Upload Sample Asset,1000006-Equipment,1000012-Store-Equipment-_-_-_-_,1000038-Store-Vehicles Depreciation-_-_-_-_,1000027-Store-Equipment Accumulated Depreciation-_-_-_-_,1000009-Declining Balance 150% (DB) Depreciation with a switch to Straight Line,,1000000-Month - Current Period,1000000-FMCON,2005024
11,11,0,1000006,2005025,1,1,10292005,,10292005,,,,Electrical system for Greenhouse,,Y,N,N,Y,Y,Greenhouse #1,,,,Electrical System #1,,72,6,,,2005025,2005025,12000,0,0,0,500,0,72,0,0,6,0,A,1000012,1000038,1000027,266,295,DFT,,,,,,1000009,,1000000,1000001,,,,,1,72,1,101,Upload Sample Asset,1000006-Equipment,1000012-Store-Equipment-_-_-_-_,1000038-Store-Vehicles Depreciation-_-_-_-_,1000027-Store-Equipment Accumulated Depreciation-_-_-_-_,1000009-Declining Balance 150% (DB) Depreciation with a switch to Straight Line,,1000000-Month - Current Period,1000001-HYCON,2005025
11,11,0,1000006,2005026,1,1,10292005,,10292005,,,,Hydroponic system for Greenhouse,,Y,N,N,Y,Y,Greenhouse #1,,,,Hydroponic System #1,,72,6,,,2005026,2005026,15000,0,0,0,500,0,72,0,0,6,0,A,1000012,1000038,1000027,266,295,DFT,,,,,,1000009,,1000000,1000002,,,,,1,72,1,101,Upload Sample Asset,1000006-Equipment,1000012-Store-Equipment-_-_-_-_,1000038-Store-Vehicles Depreciation-_-_-_-_,1000027-Store-Equipment Accumulated Depreciation-_-_-_-_,1000009-Declining Balance 150% (DB) Depreciation with a switch to Straight Line,,1000000-Month - Current Period,1000002-MMCON,2005026
11,11,0,1000006,2005027,1,1,10292005,,10292005,,,,Lighting  system for Greenhouse,,Y,N,N,Y,Y,Greenhouse #1,,,,Lighting System #1,,72,6,,,2005027,2005027,5000,0,0,0,500,0,48,0,0,4,0,A,1000012,1000038,1000027,266,295,DFT,,,,,,1000009,,1000000,1000003,,,,,1,48,1,101,Upload Sample Asset,1000006-Equipment,1000012-Store-Equipment-_-_-_-_,1000038-Store-Vehicles Depreciation-_-_-_-_,1000027-Store-Equipment Accumulated Depreciation-_-_-_-_,1000009-Declining Balance 150% (DB) Depreciation with a switch to Straight Line,,1000000-Month - Current Period,1000003-MQCON,2005027
11,11,0,1000006,2005028,1,1,10292005,,10292005,,,,Cooling system for Greenhouse,,Y,N,N,Y,Y,Greenhouse #1,,,,Cooling System #1,,72,6,,,2005028,2005028,6500,0,0,0,500,0,48,0,0,4,0,A,1000012,1000038,1000027,266,295,DFT,,,,,,1000009,,1000000,1000004,,,,,1,48,1,101,Upload Sample Asset,1000006-Equipment,1000012-Store-Equipment-_-_-_-_,1000038-Store-Vehicles Depreciation-_-_-_-_,1000027-Store-Equipment Accumulated Depreciation-_-_-_-_,1000009-Declining Balance 150% (DB) Depreciation with a switch to Straight Line,,1000000-Month - Current Period,1000004-DYCON,2005028
11,11,0,1000006,2005029,1,1,10292005,,10292005,,,,Composting system for Greenhouse,,Y,N,N,Y,Y,Greenhouse #1,,,,Cooling System #1,,60,5,,,2005029,2005029,8500,0,0,0,500,0,60,0,0,5,0,A,1000012,1000038,1000027,266,295,DFT,,,,,,1000009,,1000000,1000005,,,,,1,60,1,101,Upload Sample Asset,1000006-Equipment,1000012-Store-Equipment-_-_-_-_,1000038-Store-Vehicles Depreciation-_-_-_-_,1000027-Store-Equipment Accumulated Depreciation-_-_-_-_,1000009-Declining Balance 150% (DB) Depreciation with a switch to Straight Line,,1000000-Month - Current Period,1000005-FYCON,2005029
11,11,0,1000006,2005030,1,1,10292005,,10292005,,,,Humidifying system for Greenhouse,,Y,N,N,Y,Y,Greenhouse #2,,,,Humidifier System #2,,72,6,,,2005030,2005030,10000,0,0,0,500,0,72,0,0,6,0,A,1000012,1000038,1000027,266,295,DFT,,,,,,1000001,,1000000,1000000,,,,,1,72,1,101,Upload Sample Asset,1000006-Equipment,1000012-Store-Equipment-_-_-_-_,1000038-Store-Vehicles Depreciation-_-_-_-_,1000027-Store-Equipment Accumulated Depreciation-_-_-_-_,1000001-Declining Balance 150% (DB) Depreciation,,1000000-Month - Current Period,1000000-FMCON,2005030
11,11,0,1000006,2005031,1,1,10292005,,10292005,,,,Electrical system for Greenhouse,,Y,N,N,Y,Y,Greenhouse #2,,,,Electrical System #2,,72,6,,,2005031,2005031,12000,0,0,0,500,0,72,0,0,6,0,A,1000012,1000038,1000027,266,295,DFT,,,,,,1000001,,1000000,1000001,,,,,1,72,1,101,Upload Sample Asset,1000006-Equipment,1000012-Store-Equipment-_-_-_-_,1000038-Store-Vehicles Depreciation-_-_-_-_,1000027-Store-Equipment Accumulated Depreciation-_-_-_-_,1000001-Declining Balance 150% (DB) Depreciation,,1000000-Month - Current Period,1000001-HYCON,2005031
11,11,0,1000006,2005032,1,1,10292005,,10292005,,,,Hydroponic system for Greenhouse,,Y,N,N,Y,Y,Greenhouse #2,,,,Hydroponic System #2,,72,6,,,2005032,2005032,15000,0,0,0,500,0,72,0,0,6,0,A,1000012,1000038,1000027,266,295,DFT,,,,,,1000001,,1000000,1000002,,,,,1,72,1,101,Upload Sample Asset,1000006-Equipment,1000012-Store-Equipment-_-_-_-_,1000038-Store-Vehicles Depreciation-_-_-_-_,1000027-Store-Equipment Accumulated Depreciation-_-_-_-_,1000001-Declining Balance 150% (DB) Depreciation,,1000000-Month - Current Period,1000002-MMCON,2005032
11,11,0,1000006,2005033,1,1,10292005,,10292005,,,,Lighting  system for Greenhouse,,Y,N,N,Y,Y,Greenhouse #2,,,,Lighting System #2,,72,6,,,2005033,2005033,5000,0,0,0,500,0,48,0,0,4,0,A,1000012,1000038,1000027,266,295,DFT,,,,,,1000001,,1000000,1000003,,,,,1,48,1,101,Upload Sample Asset,1000006-Equipment,1000012-Store-Equipment-_-_-_-_,1000038-Store-Vehicles Depreciation-_-_-_-_,1000027-Store-Equipment Accumulated Depreciation-_-_-_-_,1000001-Declining Balance 150% (DB) Depreciation,,1000000-Month - Current Period,1000003-MQCON,2005033
11,11,0,1000006,2005034,1,1,10292005,,10292005,,,,Cooling system for Greenhouse,,Y,N,N,Y,Y,Greenhouse #2,,,,Cooling System #2,,72,6,,,2005034,2005034,6500,0,0,0,500,0,48,0,0,4,0,A,1000012,1000038,1000027,266,295,DFT,,,,,,1000001,,1000000,1000004,,,,,1,48,1,101,Upload Sample Asset,1000006-Equipment,1000012-Store-Equipment-_-_-_-_,1000038-Store-Vehicles Depreciation-_-_-_-_,1000027-Store-Equipment Accumulated Depreciation-_-_-_-_,1000001-Declining Balance 150% (DB) Depreciation,,1000000-Month - Current Period,1000004-DYCON,2005034
11,11,0,1000006,2005035,1,1,10292005,,10292005,,,,Composting system for Greenhouse,,Y,N,N,Y,Y,Greenhouse #2,,,,Cooling System #2,,60,5,,,2005035,2005035,8500,0,0,0,500,0,60,0,0,5,0,A,1000012,1000038,1000027,266,295,DFT,,,,,,1000001,,1000000,1000005,,,,,1,60,1,101,Upload Sample Asset,1000006-Equipment,1000012-Store-Equipment-_-_-_-_,1000038-Store-Vehicles Depreciation-_-_-_-_,1000027-Store-Equipment Accumulated Depreciation-_-_-_-_,1000001-Declining Balance 150% (DB) Depreciation,,1000000-Month - Current Period,1000005-FYCON,2005035
11,11,0,1000006,2005036,1,1,10292005,,10292005,,,,Cash Register #1,,Y,N,N,Y,Y,Store,,,,Cash Register #1,,48,4,,,2005036,2005036,1500,0,0,0,0,0,48,0,0,4,0,A,1000012,1000038,1000027,266,295,DFT,,,,,,1000003,,1000000,1000001,,,,,1,48,1,101,Upload Sample Asset,1000006-Equipment,1000012-Store-Equipment-_-_-_-_,1000038-Store-Vehicles Depreciation-_-_-_-_,1000027-Store-Equipment Accumulated Depreciation-_-_-_-_,1000003-Straight Line Depreciation,,1000000-Month - Current Period,1000001-HYCON,
11,11,0,1000006,2005037,1,1,10292005,,10292005,,,,Cash Register #2,,Y,N,N,Y,Y,Store,,,,Cash Register #2,,48,4,,,2005037,2005037,1500,0,0,0,0,0,48,0,0,4,0,A,1000012,1000038,1000027,266,295,DFT,,,,,,1000003,,1000002,1000001,,,,,1,48,1,101,Upload Sample Asset,1000006-Equipment,1000012-Store-Equipment-_-_-_-_,1000038-Store-Vehicles Depreciation-_-_-_-_,1000027-Store-Equipment Accumulated Depreciation-_-_-_-_,1000003-Straight Line Depreciation,,1000002-Year - Remainder of year,1000001-HYCON,
11,11,0,1000006,2005038,1,1,10292005,,10292005,,,,Cash Register #3,,Y,N,N,Y,Y,Store,,,,Cash Register #3,,48,4,,,2005038,2005038,1500,0,0,0,0,0,48,0,0,4,0,A,1000012,1000038,1000027,266,295,DFT,,,,,,1000003,,1000001,1000001,,,,,1,48,1,101,Upload Sample Asset,1000006-Equipment,1000012-Store-Equipment-_-_-_-_,1000038-Store-Vehicles Depreciation-_-_-_-_,1000027-Store-Equipment Accumulated Depreciation-_-_-_-_,1000003-Straight Line Depreciation,,1000001-Life - Remainder of life,1000001-HYCON,
11,11,0,1000004,2005039,1,1,10292005,,10292005,,,,Display Counter #1,,Y,N,N,Y,Y,Store,,,,Display Counter #1,,60,5,,,2005039,2005039,2500,0,0,0,0,0,60,0,0,5,0,A,1000011,1000036,1000026,266,295,DFT,,,,,,1000003,,1000000,1000002,,,,,1,60,1,101,Upload Sample Asset,1000004-Fixtures,1000011-Store-Fixtures-_-_-_-_,1000036-Store-Fixtures Depreciation-_-_-_-_,1000026-Store-Fixtures Accumulated Depreciation-_-_-_-_,1000003-Straight Line Depreciation,,1000000-Month - Current Period,1000002-MMCON,
11,11,0,1000004,2005040,1,1,10292005,,10292005,,,,Display Counter #2,,Y,N,N,Y,Y,Store,,,,Display Counter #2,,60,5,,,2005040,2005040,2500,0,0,0,0,0,60,0,0,5,0,A,1000011,1000036,1000026,266,295,DFT,,,,,,1000003,,1000002,1000002,,,,,1,60,1,101,Upload Sample Asset,1000004-Fixtures,1000011-Store-Fixtures-_-_-_-_,1000036-Store-Fixtures Depreciation-_-_-_-_,1000026-Store-Fixtures Accumulated Depreciation-_-_-_-_,1000003-Straight Line Depreciation,,1000002-Year - Remainder of year,1000002-MMCON,
11,11,0,1000004,2005041,1,1,10292005,,10292005,,,,Display Counter #3,,Y,N,N,Y,Y,Store,,,,Display Counter #3,,60,5,,,2005041,2005041,2500,0,0,0,0,0,60,0,0,5,0,A,1000011,1000036,1000026,266,295,DFT,,,,,,1000003,,1000001,1000002,,,,,1,60,1,101,Upload Sample Asset,1000004-Fixtures,1000011-Store-Fixtures-_-_-_-_,1000036-Store-Fixtures Depreciation-_-_-_-_,1000026-Store-Fixtures Accumulated Depreciation-_-_-_-_,1000003-Straight Line Depreciation,,1000001-Life - Remainder of life,1000002-MMCON,
11,11,0,1000004,2005042,1,1,10292005,,10292005,,,,Store Shelving,,Y,N,N,Y,Y,Store,,,,Shelving,,60,5,,,2005042,2005042,4000,0,0,0,0,0,60,0,0,5,0,A,1000011,1000036,1000026,266,295,DFT,,,,,,1000003,,1000000,1000003,,,,,1,60,1,101,Upload Sample Asset,1000004-Fixtures,1000011-Store-Fixtures-_-_-_-_,1000036-Store-Fixtures Depreciation-_-_-_-_,1000026-Store-Fixtures Accumulated Depreciation-_-_-_-_,1000003-Straight Line Depreciation,,1000000-Month - Current Period,1000003-MQCON,
11,11,0,1000004,2005043,1,1,10292005,,10292005,,,,Counters GH #1,,Y,N,N,Y,Y,Greenhouse #1,,,,Counters GH #1,,60,5,,,2005043,2005043,10000,0,0,0,0,0,60,0,0,5,0,A,1000011,1000036,1000026,266,295,DFT,,,,,,1000003,,1000002,1000003,,,,,1,60,1,101,Upload Sample Asset,1000004-Fixtures,1000011-Store-Fixtures-_-_-_-_,1000036-Store-Fixtures Depreciation-_-_-_-_,1000026-Store-Fixtures Accumulated Depreciation-_-_-_-_,1000003-Straight Line Depreciation,,1000002-Year - Remainder of year,1000003-MQCON,
11,11,0,1000004,2005044,1,1,10292005,,10292005,,,,Counters GH #2,,Y,N,N,Y,Y,Greenhouse #2,,,,Counters GH #2,,60,5,,,2005044,2005044,10000,0,0,0,0,0,60,0,0,5,0,A,1000011,1000036,1000026,266,295,DFT,,,,,,1000003,,1000001,1000003,,,,,1,60,1,101,Upload Sample Asset,1000004-Fixtures,1000011-Store-Fixtures-_-_-_-_,1000036-Store-Fixtures Depreciation-_-_-_-_,1000026-Store-Fixtures Accumulated Depreciation-_-_-_-_,1000003-Straight Line Depreciation,,1000001-Life - Remainder of life,1000003-MQCON,
11,11,0,1000004,2005045,1,1,10292005,,10292005,,,,Partitions Accounting,,Y,N,N,Y,Y,Headquarters,,,,Partitions Accounting,,60,5,,,2005045,2005045,2500,0,0,0,0,0,60,0,0,5,0,A,1000006,1000042,1000021,266,295,DFT,,,,,,1000003,,1000000,1000004,,,,,1,60,1,101,Upload Sample Asset,1000004-Fixtures,1000006-HQ-Fixtures-_-_-_-_,1000042-HQ-Fixtures Depreciation-_-_-_-_,1000021-HQ-Fixtures Accumulated Depreciation-_-_-_-_,1000003-Straight Line Depreciation,,1000000-Month - Current Period,1000004-DYCON,
11,11,0,1000004,2005046,1,1,10292005,,10292005,,,,Partitions Production,,Y,N,N,Y,Y,Headquarters,,,,Partitions Production,,60,5,,,2005046,2005046,2500,0,0,0,0,0,60,0,0,5,0,A,1000006,1000042,1000021,266,295,DFT,,,,,,1000003,,1000002,1000004,,,,,1,60,1,101,Upload Sample Asset,1000004-Fixtures,1000006-HQ-Fixtures-_-_-_-_,1000042-HQ-Fixtures Depreciation-_-_-_-_,1000021-HQ-Fixtures Accumulated Depreciation-_-_-_-_,1000003-Straight Line Depreciation,,1000002-Year - Remainder of year,1000004-DYCON,
11,11,0,1000004,2005047,1,1,10292005,,10292005,,,,Partitions Marketing,,Y,N,N,Y,Y,Headquarters,,,,Partitions Marketing,,60,5,,,2005047,2005047,2500,0,0,0,0,0,60,0,0,5,0,A,1000006,1000042,1000021,266,295,DFT,,,,,,1000003,,1000001,1000004,,,,,1,60,1,101,Upload Sample Asset,1000004-Fixtures,1000006-HQ-Fixtures-_-_-_-_,1000042-HQ-Fixtures Depreciation-_-_-_-_,1000021-HQ-Fixtures Accumulated Depreciation-_-_-_-_,1000003-Straight Line Depreciation,,1000001-Life - Remainder of life,1000004-DYCON,
11,11,0,1000003,2005048,1,1,10292005,,10292005,,,,Desks – Marketing#1,,Y,N,N,Y,Y,Headquarters,,,,Desks – Marketing,,60,5,,,2005048,2005048,2500,0,0,0,0,0,60,0,0,5,0,A,1000005,1000041,1000020,266,295,DFT,,,,,,1000003,,1000001,1000005,,,,,1,60,1,101,Upload Sample Asset,1000003-Furniture,1000005-HQ-Furniture-_-_-_-_,1000041-HQ-Furniture Depreciation-_-_-_-_,1000020-HQ-Furniture Accumulated Depreciation-_-_-_-_,1000003-Straight Line Depreciation,,1000001-Life - Remainder of life,1000005-FYCON
11,11,0,1000003,2005049,1,1,10292005,,10292005,,,,Desks – Accounting#1,,Y,N,N,Y,Y,Headquarters,,,,Desks – Accounting,,60,5,,,2005049,2005049,2500,0,0,0,0,0,60,0,0,5,0,A,1000005,1000041,1000020,266,295,DFT,,,,,,1000003,,1000001,1000005,,,,,1,60,1,101,Upload Sample Asset,1000003-Furniture,1000005-HQ-Furniture-_-_-_-_,1000041-HQ-Furniture Depreciation-_-_-_-_,1000020-HQ-Furniture Accumulated Depreciation-_-_-_-_,1000003-Straight Line Depreciation,,1000001-Life - Remainder of life,1000005-FYCON
11,11,0,1000003,2005050,1,1,10292005,,10292005,,,,Desks – Production#1,,Y,N,N,Y,Y,Headquarters,,,,Desks – Production,,60,5,,,2005050,2005050,2500,0,0,0,0,0,60,0,0,5,0,A,1000005,1000041,1000020,266,295,DFT,,,,,,1000003,,1000001,1000005,,,,,1,60,1,101,Upload Sample Asset,1000003-Furniture,1000005-HQ-Furniture-_-_-_-_,1000041-HQ-Furniture Depreciation-_-_-_-_,1000020-HQ-Furniture Accumulated Depreciation-_-_-_-_,1000003-Straight Line Depreciation,,1000001-Life - Remainder of life,1000005-FYCON
11,11,0,1000003,2005051,1,1,10292005,,10292005,,,,Desks – Exec ,,Y,N,N,Y,Y,Headquarters,,,,Desks – Exec ,,60,5,,,2005051,2005051,2500,0,0,0,0,0,60,0,0,5,0,A,1000005,1000041,1000020,266,295,DFT,,,,,,1000006,1000000,1000001,1000000,500,YR,,,1,60,1,101,Upload Sample Asset,1000003-Furniture,1000005-HQ-Furniture-_-_-_-_,1000041-HQ-Furniture Depreciation-_-_-_-_,1000020-HQ-Furniture Accumulated Depreciation-_-_-_-_,1000006-Manual Depreciation,1000000-Quarterly Spread,1000001-Life - Remainder of life,1000000-FMCON
11,11,0,1000003,2005052,1,1,10292005,,10292005,,,,Desks – Receptionist,,Y,N,N,Y,Y,Headquarters,,,,Desks – Receptionist,,60,5,,,2005052,2005052,2500,0,0,0,0,0,60,0,0,5,0,A,1000005,1000041,1000020,266,295,DFT,,,,,,1000006,1000001,1000001,1000000,500,YR,,,1,60,1,101,Upload Sample Asset,1000003-Furniture,1000005-HQ-Furniture-_-_-_-_,1000041-HQ-Furniture Depreciation-_-_-_-_,1000020-HQ-Furniture Accumulated Depreciation-_-_-_-_,1000006-Manual Depreciation,1000001-Monthly Spread,1000001-Life - Remainder of life,1000000-FMCON
11,11,0,1000003,2005053,1,1,10292005,,10292005,,,,Desks – Accounting#2,,Y,N,N,Y,Y,Headquarters,,,,Desks – Accounting#2,,60,5,,,2005053,2005053,2500,0,0,0,0,0,60,0,0,5,0,A,1000005,1000041,1000020,266,295,DFT,,,,,,1000006,1000000,1000002,1000000,500,YR,,,1,60,1,101,Upload Sample Asset,1000003-Furniture,1000005-HQ-Furniture-_-_-_-_,1000041-HQ-Furniture Depreciation-_-_-_-_,1000020-HQ-Furniture Accumulated Depreciation-_-_-_-_,1000006-Manual Depreciation,1000000-Quarterly Spread,1000002-Year - Remainder of year,1000000-FMCON
11,11,0,1000003,2005054,1,1,10292005,,10292005,,,,Desks – Marketing#2,,Y,N,N,Y,Y,Headquarters,,,,Desks – Marketing#2,,60,5,,,2005054,2005054,2500,0,0,0,0,0,60,0,0,5,0,A,1000005,1000041,1000020,266,295,DFT,,,,,,1000006,1000001,1000002,1000000,500,YR,,,1,60,1,101,Upload Sample Asset,1000003-Furniture,1000005-HQ-Furniture-_-_-_-_,1000041-HQ-Furniture Depreciation-_-_-_-_,1000020-HQ-Furniture Accumulated Depreciation-_-_-_-_,1000006-Manual Depreciation,1000001-Monthly Spread,1000002-Year - Remainder of year,1000000-FMCON
11,11,0,1000003,2005055,1,1,10292005,,10292005,,,,Desks – Accounting#3,,Y,N,N,Y,Y,Headquarters,,,,Desks – Accounting#3,,60,5,,,2005055,2005055,2500,0,0,0,0,0,60,0,0,5,0,A,1000005,1000041,1000020,266,295,DFT,,,,,,1000006,1000000,1000000,1000001,500,YR,,,1,60,1,101,Upload Sample Asset,1000003-Furniture,1000005-HQ-Furniture-_-_-_-_,1000041-HQ-Furniture Depreciation-_-_-_-_,1000020-HQ-Furniture Accumulated Depreciation-_-_-_-_,1000006-Manual Depreciation,1000000-Quarterly Spread,1000000-Month - Current Period,1000001-HYCON
11,11,0,1000003,2005056,1,1,10292005,,10292005,,,,Desks – Marketing#3,,Y,N,N,Y,Y,Headquarters,,,,Desks – Marketing#3,,60,5,,,2005056,2005056,2500,0,0,0,0,0,60,0,0,5,0,A,1000005,1000041,1000020,266,295,DFT,,,,,,1000006,1000001,1000000,1000001,500,YR,,,1,60,1,101,Upload Sample Asset,1000003-Furniture,1000005-HQ-Furniture-_-_-_-_,1000041-HQ-Furniture Depreciation-_-_-_-_,1000020-HQ-Furniture Accumulated Depreciation-_-_-_-_,1000006-Manual Depreciation,1000001-Monthly Spread,1000000-Month - Current Period,1000001-HYCON
11,11,0,1000003,2005057,1,1,10292005,,10292005,,,,Desks – Marketing#4,,Y,N,N,Y,Y,Headquarters,,,,Desks – Marketing#2,,60,5,,,2005057,2005057,2500,0,0,0,0,0,60,0,0,5,0,A,1000005,1000041,1000020,266,295,DFT,,,,,,1000006,,1000001,1000001,41.66666667,PR,,,1,60,1,101,Upload Sample Asset,1000003-Furniture,1000005-HQ-Furniture-_-_-_-_,1000041-HQ-Furniture Depreciation-_-_-_-_,1000020-HQ-Furniture Accumulated Depreciation-_-_-_-_,1000006-Manual Depreciation,,1000001-Life - Remainder of life,1000001-HYCON
11,11,0,1000003,2005058,1,1,10292005,,10292005,,,,Desks – Accounting#4,,Y,N,N,Y,Y,Headquarters,,,,Desks – Accounting#3,,60,5,,,2005058,2005058,2500,0,0,0,0,0,60,0,0,5,0,A,1000005,1000041,1000020,266,295,DFT,,,,,,1000006,1000000,1000001,1000001,500,YR,,,1,60,1,101,Upload Sample Asset,1000003-Furniture,1000005-HQ-Furniture-_-_-_-_,1000041-HQ-Furniture Depreciation-_-_-_-_,1000020-HQ-Furniture Accumulated Depreciation-_-_-_-_,1000006-Manual Depreciation,1000000-Quarterly Spread,1000001-Life - Remainder of life,1000001-HYCON
11,11,0,1000003,2005059,1,1,10292005,,10292005,,,,Desks – Production #4,,Y,N,N,Y,Y,Headquarters,,,,Desks – Marketing#3,,60,5,,,2005059,2005059,2500,0,0,0,0,0,60,0,0,5,0,A,1000005,1000041,1000020,266,295,DFT,,,,,,1000006,1000001,1000001,1000001,500,YR,,,1,60,1,101,Upload Sample Asset,1000003-Furniture,1000005-HQ-Furniture-_-_-_-_,1000041-HQ-Furniture Depreciation-_-_-_-_,1000020-HQ-Furniture Accumulated Depreciation-_-_-_-_,1000006-Manual Depreciation,1000001-Monthly Spread,1000001-Life - Remainder of life,1000001-HYCON
11,11,0,1000003,2005060,1,1,10292005,,10292005,,,,Desks – Marketing#5,,Y,N,N,Y,Y,Headquarters,,,,Desks – Marketing#2,,60,5,,,2005060,2005060,2500,0,0,0,0,0,60,0,0,5,0,A,1000005,1000041,1000020,266,295,DFT,,,,,,1000006,,1000002,1000001,41.66666667,PR,,,1,60,1,101,Upload Sample Asset,1000003-Furniture,1000005-HQ-Furniture-_-_-_-_,1000041-HQ-Furniture Depreciation-_-_-_-_,1000020-HQ-Furniture Accumulated Depreciation-_-_-_-_,1000006-Manual Depreciation,,1000002-Year - Remainder of year,1000001-HYCON
11,11,0,1000003,2005061,1,1,10292005,,10292005,,,,Desks – Accounting#5,,Y,N,N,Y,Y,Headquarters,,,,Desks – Accounting#3,,60,5,,,2005061,2005061,2500,0,0,0,0,0,60,0,0,5,0,A,1000005,1000041,1000020,266,295,DFT,,,,,,1000006,1000000,1000002,1000001,500,YR,,,1,60,1,101,Upload Sample Asset,1000003-Furniture,1000005-HQ-Furniture-_-_-_-_,1000041-HQ-Furniture Depreciation-_-_-_-_,1000020-HQ-Furniture Accumulated Depreciation-_-_-_-_,1000006-Manual Depreciation,1000000-Quarterly Spread,1000002-Year - Remainder of year,1000001-HYCON
11,11,0,1000003,2005062,1,1,10292005,,10292005,,,,Desks – Production #5,,Y,N,N,Y,Y,Headquarters,,,,Desks – Marketing#3,,60,5,,,2005062,2005062,2500,0,0,0,0,0,60,0,0,5,0,A,1000005,1000041,1000020,266,295,DFT,,,,,,1000006,1000001,1000002,1000001,500,YR,,,1,60,1,101,Upload Sample Asset,1000003-Furniture,1000005-HQ-Furniture-_-_-_-_,1000041-HQ-Furniture Depreciation-_-_-_-_,1000020-HQ-Furniture Accumulated Depreciation-_-_-_-_,1000006-Manual Depreciation,1000001-Monthly Spread,1000002-Year - Remainder of year,1000001-HYCON
11,11,0,1000003,2005063,1,1,10292005,,10292005,,,,Desks – Marketing#6,,Y,N,N,Y,Y,Headquarters,,,,Desks – Marketing#2,,60,5,,,2005063,2005063,2500,0,0,0,0,0,60,0,0,5,0,A,1000005,1000041,1000020,266,295,DFT,,,,,,1000006,,1000000,1000002,41.66666667,PR,,,1,60,1,101,Upload Sample Asset,1000003-Furniture,1000005-HQ-Furniture-_-_-_-_,1000041-HQ-Furniture Depreciation-_-_-_-_,1000020-HQ-Furniture Accumulated Depreciation-_-_-_-_,1000006-Manual Depreciation,,1000000-Month - Current Period,1000002-MMCON
11,11,0,1000003,2005064,1,1,10292005,,10292005,,,,Desks – Accounting#6,,Y,N,N,Y,Y,Headquarters,,,,Desks – Accounting#3,,60,5,,,2005064,2005064,2500,0,0,0,0,0,60,0,0,5,0,A,1000005,1000041,1000020,266,295,DFT,,,,,,1000006,1000000,1000000,1000002,500,YR,,,1,60,1,101,Upload Sample Asset,1000003-Furniture,1000005-HQ-Furniture-_-_-_-_,1000041-HQ-Furniture Depreciation-_-_-_-_,1000020-HQ-Furniture Accumulated Depreciation-_-_-_-_,1000006-Manual Depreciation,1000000-Quarterly Spread,1000000-Month - Current Period,1000002-MMCON
11,11,0,1000003,2005065,1,1,10292005,,10292005,,,,Desks – Production #6,,Y,N,N,Y,Y,Headquarters,,,,Desks – Marketing#3,,60,5,,,2005065,2005065,2500,0,0,0,0,0,60,0,0,5,0,A,1000005,1000041,1000020,266,295,DFT,,,,,,1000006,1000001,1000000,1000002,500,YR,,,1,60,1,101,Upload Sample Asset,1000003-Furniture,1000005-HQ-Furniture-_-_-_-_,1000041-HQ-Furniture Depreciation-_-_-_-_,1000020-HQ-Furniture Accumulated Depreciation-_-_-_-_,1000006-Manual Depreciation,1000001-Monthly Spread,1000000-Month - Current Period,1000002-MMCON
11,11,0,1000003,2005066,1,1,10292005,,10292005,,,,Desks – Marketing#7,,Y,N,N,Y,Y,Headquarters,,,,Desks – Marketing#2,,60,5,,,2005066,2005066,2500,0,0,0,0,0,60,0,0,5,0,A,1000005,1000041,1000020,266,295,DFT,,,,,,1000006,,1000001,1000002,41.66666667,PR,,,1,60,1,101,Upload Sample Asset,1000003-Furniture,1000005-HQ-Furniture-_-_-_-_,1000041-HQ-Furniture Depreciation-_-_-_-_,1000020-HQ-Furniture Accumulated Depreciation-_-_-_-_,1000006-Manual Depreciation,,1000001-Life - Remainder of life,1000002-MMCON
11,11,0,1000003,2005067,1,1,10292005,,10292005,,,,Desks – Accounting#7,,Y,N,N,Y,Y,Headquarters,,,,Desks – Accounting#3,,60,5,,,2005067,2005067,2500,0,0,0,0,0,60,0,0,5,0,A,1000005,1000041,1000020,266,295,DFT,,,,,,1000006,1000000,1000001,1000002,500,YR,,,1,60,1,101,Upload Sample Asset,1000003-Furniture,1000005-HQ-Furniture-_-_-_-_,1000041-HQ-Furniture Depreciation-_-_-_-_,1000020-HQ-Furniture Accumulated Depreciation-_-_-_-_,1000006-Manual Depreciation,1000000-Quarterly Spread,1000001-Life - Remainder of life,1000002-MMCON
11,11,0,1000003,2005068,1,1,10292005,,10292005,,,,Desks – Production #7,,Y,N,N,Y,Y,Headquarters,,,,Desks – Marketing#3,,60,5,,,2005068,2005068,2500,0,0,0,0,0,60,0,0,5,0,A,1000005,1000041,1000020,266,295,DFT,,,,,,1000006,1000001,1000001,1000002,500,YR,,,1,60,1,101,Upload Sample Asset,1000003-Furniture,1000005-HQ-Furniture-_-_-_-_,1000041-HQ-Furniture Depreciation-_-_-_-_,1000020-HQ-Furniture Accumulated Depreciation-_-_-_-_,1000006-Manual Depreciation,1000001-Monthly Spread,1000001-Life - Remainder of life,1000002-MMCON
11,11,0,1000003,2005069,1,1,10292005,,10292005,,,,Desks – Marketing#8,,Y,N,N,Y,Y,Headquarters,,,,Desks – Marketing#2,,60,5,,,2005069,2005069,2500,0,0,0,0,0,60,0,0,5,0,A,1000005,1000041,1000020,266,295,DFT,,,,,,1000006,,1000002,1000002,41.66666667,PR,,,1,60,1,101,Upload Sample Asset,1000003-Furniture,1000005-HQ-Furniture-_-_-_-_,1000041-HQ-Furniture Depreciation-_-_-_-_,1000020-HQ-Furniture Accumulated Depreciation-_-_-_-_,1000006-Manual Depreciation,,1000002-Year - Remainder of year,1000002-MMCON
11,11,0,1000003,2005070,1,1,10292005,,10292005,,,,Desks – Accounting#8,,Y,N,N,Y,Y,Headquarters,,,,Desks – Accounting#3,,60,5,,,2005070,2005070,2500,0,0,0,0,0,60,0,0,5,0,A,1000005,1000041,1000020,266,295,DFT,,,,,,1000006,1000000,1000002,1000002,500,YR,,,1,60,1,101,Upload Sample Asset,1000003-Furniture,1000005-HQ-Furniture-_-_-_-_,1000041-HQ-Furniture Depreciation-_-_-_-_,1000020-HQ-Furniture Accumulated Depreciation-_-_-_-_,1000006-Manual Depreciation,1000000-Quarterly Spread,1000002-Year - Remainder of year,1000002-MMCON
11,11,0,1000003,2005071,1,1,10292005,,10292005,,,,Desks – Production #8,,Y,N,N,Y,Y,Headquarters,,,,Desks – Marketing#3,,60,5,,,2005071,2005071,2500,0,0,0,0,0,60,0,0,5,0,A,1000005,1000041,1000020,266,295,DFT,,,,,,1000006,1000001,1000002,1000002,500,YR,,,1,60,1,101,Upload Sample Asset,1000003-Furniture,1000005-HQ-Furniture-_-_-_-_,1000041-HQ-Furniture Depreciation-_-_-_-_,1000020-HQ-Furniture Accumulated Depreciation-_-_-_-_,1000006-Manual Depreciation,1000001-Monthly Spread,1000002-Year - Remainder of year,1000002-MMCON
11,11,0,1000003,2005072,1,1,10292005,,10292005,,,,Desks – Marketing#9,,Y,N,N,Y,Y,Headquarters,,,,Desks – Marketing#2,,60,5,,,2005072,2005072,2500,0,0,0,0,0,60,0,0,5,0,A,1000005,1000041,1000020,266,295,DFT,,,,,,1000006,,1000000,1000003,41.66666667,PR,,,1,60,1,101,Upload Sample Asset,1000003-Furniture,1000005-HQ-Furniture-_-_-_-_,1000041-HQ-Furniture Depreciation-_-_-_-_,1000020-HQ-Furniture Accumulated Depreciation-_-_-_-_,1000006-Manual Depreciation,,1000000-Month - Current Period,1000003-MQCON
11,11,0,1000003,2005073,1,1,10292005,,10292005,,,,Desks – Accounting#9,,Y,N,N,Y,Y,Headquarters,,,,Desks – Accounting#3,,60,5,,,2005073,2005073,2500,0,0,0,0,0,60,0,0,5,0,A,1000005,1000041,1000020,266,295,DFT,,,,,,1000006,1000000,1000000,1000003,500,YR,,,1,60,1,101,Upload Sample Asset,1000003-Furniture,1000005-HQ-Furniture-_-_-_-_,1000041-HQ-Furniture Depreciation-_-_-_-_,1000020-HQ-Furniture Accumulated Depreciation-_-_-_-_,1000006-Manual Depreciation,1000000-Quarterly Spread,1000000-Month - Current Period,1000003-MQCON
11,11,0,1000003,2005074,1,1,10292005,,10292005,,,,Desks – Production #9,,Y,N,N,Y,Y,Headquarters,,,,Desks – Marketing#3,,60,5,,,2005074,2005074,2500,0,0,0,0,0,60,0,0,5,0,A,1000005,1000041,1000020,266,295,DFT,,,,,,1000006,1000001,1000000,1000003,500,YR,,,1,60,1,101,Upload Sample Asset,1000003-Furniture,1000005-HQ-Furniture-_-_-_-_,1000041-HQ-Furniture Depreciation-_-_-_-_,1000020-HQ-Furniture Accumulated Depreciation-_-_-_-_,1000006-Manual Depreciation,1000001-Monthly Spread,1000000-Month - Current Period,1000003-MQCON
11,11,0,1000003,2005075,1,1,10292005,,10292005,,,,Desks – Marketing#10,,Y,N,N,Y,Y,Headquarters,,,,Desks – Marketing#2,,60,5,,,2005075,2005075,2500,0,0,0,0,0,60,0,0,5,0,A,1000005,1000041,1000020,266,295,DFT,,,,,,1000006,,1000001,1000003,41.66666667,PR,,,1,60,1,101,Upload Sample Asset,1000003-Furniture,1000005-HQ-Furniture-_-_-_-_,1000041-HQ-Furniture Depreciation-_-_-_-_,1000020-HQ-Furniture Accumulated Depreciation-_-_-_-_,1000006-Manual Depreciation,,1000001-Life - Remainder of life,1000003-MQCON
11,11,0,1000003,2005076,1,1,10292005,,10292005,,,,Desks – Accounting#10,,Y,N,N,Y,Y,Headquarters,,,,Desks – Accounting#3,,60,5,,,2005076,2005076,2500,0,0,0,0,0,60,0,0,5,0,A,1000005,1000041,1000020,266,295,DFT,,,,,,1000006,1000000,1000001,1000003,500,YR,,,1,60,1,101,Upload Sample Asset,1000003-Furniture,1000005-HQ-Furniture-_-_-_-_,1000041-HQ-Furniture Depreciation-_-_-_-_,1000020-HQ-Furniture Accumulated Depreciation-_-_-_-_,1000006-Manual Depreciation,1000000-Quarterly Spread,1000001-Life - Remainder of life,1000003-MQCON
11,11,0,1000003,2005077,1,1,10292005,,10292005,,,,Desks – Production #10,,Y,N,N,Y,Y,Headquarters,,,,Desks – Marketing#3,,60,5,,,2005077,2005077,2500,0,0,0,0,0,60,0,0,5,0,A,1000005,1000041,1000020,266,295,DFT,,,,,,1000006,1000001,1000001,1000003,500,YR,,,1,60,1,101,Upload Sample Asset,1000003-Furniture,1000005-HQ-Furniture-_-_-_-_,1000041-HQ-Furniture Depreciation-_-_-_-_,1000020-HQ-Furniture Accumulated Depreciation-_-_-_-_,1000006-Manual Depreciation,1000001-Monthly Spread,1000001-Life - Remainder of life,1000003-MQCON
11,11,0,1000003,2005078,1,1,10292005,,10292005,,,,Desks – Production #1,,Y,N,N,Y,Y,Headquarters,,,,Desks – Marketing#2,,60,5,,,2005078,2005078,2500,0,0,0,0,0,60,0,0,5,0,A,1000005,1000041,1000020,266,295,DFT,,,,,,1000006,,1000002,1000003,41.66666667,PR,,,1,60,1,101,Upload Sample Asset,1000003-Furniture,1000005-HQ-Furniture-_-_-_-_,1000041-HQ-Furniture Depreciation-_-_-_-_,1000020-HQ-Furniture Accumulated Depreciation-_-_-_-_,1000006-Manual Depreciation,,1000002-Year - Remainder of year,1000003-MQCON
11,11,0,1000003,2005079,1,1,10292005,,10292005,,,,Desks – Production #2,,Y,N,N,Y,Y,Headquarters,,,,Desks – Accounting#3,,60,5,,,2005079,2005079,2500,0,0,0,0,0,60,0,0,5,0,A,1000005,1000041,1000020,266,295,DFT,,,,,,1000006,1000000,1000002,1000003,500,YR,,,1,60,1,101,Upload Sample Asset,1000003-Furniture,1000005-HQ-Furniture-_-_-_-_,1000041-HQ-Furniture Depreciation-_-_-_-_,1000020-HQ-Furniture Accumulated Depreciation-_-_-_-_,1000006-Manual Depreciation,1000000-Quarterly Spread,1000002-Year - Remainder of year,1000003-MQCON
11,11,0,1000003,2005080,1,1,10292005,,10292005,,,,Desks – Production #3,,Y,N,N,Y,Y,Headquarters,,,,Desks – Marketing#3,,60,5,,,2005080,2005080,2500,0,0,0,0,0,60,0,0,5,0,A,1000005,1000041,1000020,266,295,DFT,,,,,,1000006,1000001,1000002,1000003,500,YR,,,1,60,1,101,Upload Sample Asset,1000003-Furniture,1000005-HQ-Furniture-_-_-_-_,1000041-HQ-Furniture Depreciation-_-_-_-_,1000020-HQ-Furniture Accumulated Depreciation-_-_-_-_,1000006-Manual Depreciation,1000001-Monthly Spread,1000002-Year - Remainder of year,1000003-MQCON
11,11,0,1000003,2005081,1,1,10292005,,10292005,,,,Computer Racking,,Y,N,N,Y,Y,Headquarters,,,,Computer Racking,,60,5,,,2005081,2005081,2500,0,0,0,0,0,60,0,0,5,0,A,1000005,1000041,1000020,266,295,DFT,,,,,,1000006,,1000000,1000004,41.66666667,PR,,,1,60,1,101,Upload Sample Asset,1000003-Furniture,1000005-HQ-Furniture-_-_-_-_,1000041-HQ-Furniture Depreciation-_-_-_-_,1000020-HQ-Furniture Accumulated Depreciation-_-_-_-_,1000006-Manual Depreciation,,1000000-Month - Current Period,1000004-DYCON
11,11,0,1000003,2005082,1,1,10292005,,10292005,,,,Desk in Computer Room,,Y,N,N,Y,Y,Headquarters,,,,Desk in Computer Room,,60,5,,,2005082,2005082,2500,0,0,0,0,0,60,0,0,5,0,A,1000005,1000041,1000020,266,295,DFT,,,,,,1000006,1000000,1000000,1000004,500,YR,,,1,60,1,101,Upload Sample Asset,1000003-Furniture,1000005-HQ-Furniture-_-_-_-_,1000041-HQ-Furniture Depreciation-_-_-_-_,1000020-HQ-Furniture Accumulated Depreciation-_-_-_-_,1000006-Manual Depreciation,1000000-Quarterly Spread,1000000-Month - Current Period,1000004-DYCON
11,11,0,1000003,2005083,1,1,10292005,,10292005,,,,Meeting Room Table,,Y,N,N,Y,Y,Headquarters,,,,Meeting Room Table,,60,5,,,2005083,2005083,2500,0,0,0,0,0,60,0,0,5,0,A,1000005,1000041,1000020,266,295,DFT,,,,,,1000006,1000001,1000000,1000004,500,YR,,,1,60,1,101,Upload Sample Asset,1000003-Furniture,1000005-HQ-Furniture-_-_-_-_,1000041-HQ-Furniture Depreciation-_-_-_-_,1000020-HQ-Furniture Accumulated Depreciation-_-_-_-_,1000006-Manual Depreciation,1000001-Monthly Spread,1000000-Month - Current Period,1000004-DYCON
11,11,0,1000003,2005084,1,1,10292005,,10292005,,,,Breakroom Table – Store,,Y,N,N,Y,Y,Store,,,,Breakroom Table – Store,,60,5,,,2005084,2005084,2500,0,0,0,0,0,60,0,0,5,0,A,1000010,1000035,1000025,266,295,DFT,,,,,,1000006,,1000001,1000004,41.66666667,PR,,,1,60,1,101,Upload Sample Asset,1000003-Furniture,1000010-Store-Furniture-_-_-_-_,1000035-Store-Furniture Depreciation-_-_-_-_,1000025-Store-Furniture Accumulated Depreciation-_-_-_-_,1000006-Manual Depreciation,,1000001-Life - Remainder of life,1000004-DYCON
11,11,0,1000003,2005085,1,1,10292005,,10292005,,,,Breakroom Table – GH,,Y,N,N,Y,Y,Greenhouse #1,,,,Breakroom Table – GH,,60,5,,,2005085,2005085,2500,0,0,0,0,0,60,0,0,5,0,A,1000010,1000035,1000025,266,295,DFT,,,,,,1000006,1000000,1000001,1000004,500,YR,,,1,60,1,101,Upload Sample Asset,1000003-Furniture,1000010-Store-Furniture-_-_-_-_,1000035-Store-Furniture Depreciation-_-_-_-_,1000025-Store-Furniture Accumulated Depreciation-_-_-_-_,1000006-Manual Depreciation,1000000-Quarterly Spread,1000001-Life - Remainder of life,1000004-DYCON
11,11,0,1000003,2005086,1,1,10292005,,10292005,,,,Breakroom Table – HQ,,Y,N,N,Y,Y,Headquarters,,,,Breakroom Table – HQ,,60,5,,,2005086,2005086,2500,0,0,0,0,0,60,0,0,5,0,A,1000005,1000041,1000020,266,295,DFT,,,,,,1000006,1000001,1000001,1000004,500,YR,,,1,60,1,101,Upload Sample Asset,1000003-Furniture,1000005-HQ-Furniture-_-_-_-_,1000041-HQ-Furniture Depreciation-_-_-_-_,1000020-HQ-Furniture Accumulated Depreciation-_-_-_-_,1000006-Manual Depreciation,1000001-Monthly Spread,1000001-Life - Remainder of life,1000004-DYCON
11,11,0,1000003,2005087,1,1,10292005,,10292005,,,,Worktable – #1 GH #1,,Y,N,N,Y,Y,Greenhouse #1,,,,Worktable – #1 GH #1,,60,5,,,2005087,2005087,2500,0,0,0,0,0,60,0,0,5,0,A,1000010,1000035,1000025,266,295,DFT,,,,,,1000006,,1000002,1000004,41.66666667,PR,,,1,60,1,101,Upload Sample Asset,1000003-Furniture,1000010-Store-Furniture-_-_-_-_,1000035-Store-Furniture Depreciation-_-_-_-_,1000025-Store-Furniture Accumulated Depreciation-_-_-_-_,1000006-Manual Depreciation,,1000002-Year - Remainder of year,1000004-DYCON
11,11,0,1000003,2005088,1,1,10292005,,10292005,,,,Worktable – #2 GH #1,,Y,N,N,Y,Y,Greenhouse #1,,,,Worktable – #2 GH #1,,60,5,,,2005088,2005088,2500,0,0,0,0,0,60,0,0,5,0,A,1000010,1000035,1000025,266,295,DFT,,,,,,1000006,1000000,1000002,1000004,500,YR,,,1,60,1,101,Upload Sample Asset,1000003-Furniture,1000010-Store-Furniture-_-_-_-_,1000035-Store-Furniture Depreciation-_-_-_-_,1000025-Store-Furniture Accumulated Depreciation-_-_-_-_,1000006-Manual Depreciation,1000000-Quarterly Spread,1000002-Year - Remainder of year,1000004-DYCON
11,11,0,1000003,2005089,1,1,10292005,,10292005,,,,Worktable – #4 GH #1,,Y,N,N,Y,Y,Greenhouse #1,,,,Worktable – #4 GH #1,,60,5,,,2005089,2005089,2500,0,0,0,0,0,60,0,0,5,0,A,1000010,1000035,1000025,266,295,DFT,,,,,,1000006,1000001,1000002,1000004,500,YR,,,1,60,1,101,Upload Sample Asset,1000003-Furniture,1000010-Store-Furniture-_-_-_-_,1000035-Store-Furniture Depreciation-_-_-_-_,1000025-Store-Furniture Accumulated Depreciation-_-_-_-_,1000006-Manual Depreciation,1000001-Monthly Spread,1000002-Year - Remainder of year,1000004-DYCON
11,11,0,1000003,2005090,1,1,10292005,,10292005,,,,Worktable – #1 GH #2,,Y,N,N,Y,Y,Greenhouse #2,,,,Worktable – #1 GH #2,,60,5,,,2005090,2005090,2500,0,0,0,0,0,60,0,0,5,0,A,1000010,1000035,1000025,266,295,DFT,,,,,,1000006,,1000000,1000005,41.66666667,PR,,,1,60,1,101,Upload Sample Asset,1000003-Furniture,1000010-Store-Furniture-_-_-_-_,1000035-Store-Furniture Depreciation-_-_-_-_,1000025-Store-Furniture Accumulated Depreciation-_-_-_-_,1000006-Manual Depreciation,,1000000-Month - Current Period,1000005-FYCON
11,11,0,1000003,2005091,1,1,10292005,,10292005,,,,Worktable – #2 GH #2,,Y,N,N,Y,Y,Greenhouse #2,,,,Worktable – #2 GH #2,,60,5,,,2005091,2005091,2500,0,0,0,0,0,60,0,0,5,0,A,1000010,1000035,1000025,266,295,DFT,,,,,,1000006,1000000,1000000,1000005,500,YR,,,1,60,1,101,Upload Sample Asset,1000003-Furniture,1000010-Store-Furniture-_-_-_-_,1000035-Store-Furniture Depreciation-_-_-_-_,1000025-Store-Furniture Accumulated Depreciation-_-_-_-_,1000006-Manual Depreciation,1000000-Quarterly Spread,1000000-Month - Current Period,1000005-FYCON
11,11,0,1000003,2005092,1,1,10292005,,10292005,,,,Worktable – #4 GH #2,,Y,N,N,Y,Y,Greenhouse #2,,,,Worktable – #4 GH #2,,60,5,,,2005092,2005092,2500,0,0,0,0,0,60,0,0,5,0,A,1000010,1000035,1000025,266,295,DFT,,,,,,1000006,1000001,1000000,1000005,500,YR,,,1,60,1,101,Upload Sample Asset,1000003-Furniture,1000010-Store-Furniture-_-_-_-_,1000035-Store-Furniture Depreciation-_-_-_-_,1000025-Store-Furniture Accumulated Depreciation-_-_-_-_,1000006-Manual Depreciation,1000001-Monthly Spread,1000000-Month - Current Period,1000005-FYCON
11,11,0,1000003,2005093,1,1,10292005,,10292005,,,,Chairs for Breakroom Store,,Y,N,N,Y,Y,Store,,,,Chairs for Breakroom Store,,60,5,,,2005093,2005093,2500,0,0,0,0,0,60,0,0,5,0,A,1000010,1000035,1000025,266,295,DFT,,,,,,1000006,,1000001,1000005,41.66666667,PR,,,1,60,1,101,Upload Sample Asset,1000003-Furniture,1000010-Store-Furniture-_-_-_-_,1000035-Store-Furniture Depreciation-_-_-_-_,1000025-Store-Furniture Accumulated Depreciation-_-_-_-_,1000006-Manual Depreciation,,1000001-Life - Remainder of life,1000005-FYCON
11,11,0,1000003,2005094,1,1,10292005,,10292005,,,,Chairs for Breakroom Greenhouse #1,,Y,N,N,Y,Y,Greenhouse #1,,,,Chairs for Breakroom Greenhouse #1,,60,5,,,2005094,2005094,2500,0,0,0,0,0,60,0,0,5,0,A,1000010,1000035,1000025,266,295,DFT,,,,,,1000006,1000000,1000001,1000005,500,YR,,,1,60,1,101,Upload Sample Asset,1000003-Furniture,1000010-Store-Furniture-_-_-_-_,1000035-Store-Furniture Depreciation-_-_-_-_,1000025-Store-Furniture Accumulated Depreciation-_-_-_-_,1000006-Manual Depreciation,1000000-Quarterly Spread,1000001-Life - Remainder of life,1000005-FYCON
11,11,0,1000003,2005095,1,1,10292005,,10292005,,,,Chairs for Breakroom HQ,,Y,N,N,Y,Y,Headquarters,,,,Chairs for Breakroom HQ,,60,5,,,2005095,2005095,2500,0,0,0,0,0,60,0,0,5,0,A,1000005,1000041,1000020,266,295,DFT,,,,,,1000006,1000001,1000001,1000005,500,YR,,,1,60,1,101,Upload Sample Asset,1000003-Furniture,1000005-HQ-Furniture-_-_-_-_,1000041-HQ-Furniture Depreciation-_-_-_-_,1000020-HQ-Furniture Accumulated Depreciation-_-_-_-_,1000006-Manual Depreciation,1000001-Monthly Spread,1000001-Life - Remainder of life,1000005-FYCON
11,11,0,1000003,2005096,1,1,10292005,,10292005,,,,Bookcases for Marketing,,Y,N,N,Y,Y,Headquarters,,,,Bookcases for Marketing,,60,5,,,2005096,2005096,2500,0,0,0,0,0,60,0,0,5,0,A,1000005,1000041,1000020,266,295,DFT,,,,,,1000006,,1000002,1000005,41.66666667,PR,,,1,60,1,101,Upload Sample Asset,1000003-Furniture,1000005-HQ-Furniture-_-_-_-_,1000041-HQ-Furniture Depreciation-_-_-_-_,1000020-HQ-Furniture Accumulated Depreciation-_-_-_-_,1000006-Manual Depreciation,,1000002-Year - Remainder of year,1000005-FYCON,
11,11,0,1000003,2005097,1,1,10292005,,10292005,,,,Bookcases for Accounting,,Y,N,N,Y,Y,Headquarters,,,,Bookcases for Accounting,,60,5,,,2005097,2005097,2500,0,0,0,0,0,60,0,0,5,0,A,1000005,1000041,1000020,266,295,DFT,,,,,,1000006,1000000,1000002,1000005,500,YR,,,1,60,1,101,Upload Sample Asset,1000003-Furniture,1000005-HQ-Furniture-_-_-_-_,1000041-HQ-Furniture Depreciation-_-_-_-_,1000020-HQ-Furniture Accumulated Depreciation-_-_-_-_,1000006-Manual Depreciation,1000000-Quarterly Spread,1000002-Year - Remainder of year,1000005-FYCON,
11,11,0,1000003,2005098,1,1,10292005,,10292005,,,,Bookcases for Production,,Y,N,N,Y,Y,Headquarters,,,,Bookcases for Production,,60,5,,,2005098,2005098,2500,0,0,0,0,0,60,0,0,5,0,A,1000005,1000041,1000020,266,295,DFT,,,,,,1000006,1000001,1000002,1000005,500,YR,,,1,60,1,101,Upload Sample Asset,1000003-Furniture,1000005-HQ-Furniture-_-_-_-_,1000041-HQ-Furniture Depreciation-_-_-_-_,1000020-HQ-Furniture Accumulated Depreciation-_-_-_-_,1000006-Manual Depreciation,1000001-Monthly Spread,1000002-Year - Remainder of year,1000005-FYCON,
11,11,0,1000006,2005099,1,1,10292005,,10292005,,,,Security System for Store,,Y,N,N,Y,Y,Store,,,,Security System for Store,,60,5,,,2005099,2005099,1500,0,0,0,0,0,60,0,0,5,0,A,1000012,1000037,1000027,266,295,DFT,,,,,,1000010,,1000000,1000000,,,,1.25,1,60,1,101,Upload Sample Asset,1000006-Equipment,1000012-Store-Equipment-_-_-_-_,1000037-Store-Equipment Depreciation-_-_-_-_,1000027-Store-Equipment Accumulated Depreciation-_-_-_-_,1000010-Variable Accelerated with a switch to Straight Line,,1000000-Month - Current Period,1000000-FMCON,2005099
11,11,0,1000006,2005100,1,1,10292005,,10292005,,,,Security System for HQ,,Y,N,N,Y,Y,Headquarters,,,,Security System for HQ,,60,5,,,2005100,2005100,1500,0,0,0,0,0,60,0,0,5,0,A,1000007,1000043,1000022,266,295,DFT,,,,,,1000010,,1000000,1000001,,,,1.25,1,60,1,101,Upload Sample Asset,1000006-Equipment,1000007-HQ-Equipment-_-_-_-_,1000043-HQ-Equipment Depreciation-_-_-_-_,1000022-HQ-Equipment Accumulated Depreciation-_-_-_-_,1000010-Variable Accelerated with a switch to Straight Line,,1000000-Month - Current Period,1000001-HYCON,2005100
11,11,0,1000006,2005101,1,1,10292005,,10292005,,,,Security System for GH#1,,Y,N,N,Y,Y,Greenhouse #1,,,,Security System for GH#1,,60,5,,,2005101,2005101,1500,0,0,0,0,0,60,0,0,5,0,A,1000012,1000038,1000027,266,295,DFT,,,,,,1000010,,1000000,1000002,,,,1.25,1,60,1,101,Upload Sample Asset,1000006-Equipment,1000012-Store-Equipment-_-_-_-_,1000038-Store-Vehicles Depreciation-_-_-_-_,1000027-Store-Equipment Accumulated Depreciation-_-_-_-_,1000010-Variable Accelerated with a switch to Straight Line,,1000000-Month - Current Period,1000002-MMCON,2005101
11,11,0,1000006,2005102,1,1,10292005,,10292005,,,,Security System for GH#2,,Y,N,N,Y,Y,Greenhouse #2,,,,Security System for GH#2,,60,5,,,2005102,2005102,1500,0,0,0,0,0,60,0,0,5,0,A,1000012,1000038,1000027,266,295,DFT,,,,,,1000010,,1000000,1000003,,,,1.25,1,60,1,101,Upload Sample Asset,1000006-Equipment,1000012-Store-Equipment-_-_-_-_,1000038-Store-Vehicles Depreciation-_-_-_-_,1000027-Store-Equipment Accumulated Depreciation-_-_-_-_,1000010-Variable Accelerated with a switch to Straight Line,,1000000-Month - Current Period,1000003-MQCON,2005102
11,11,0,1000006,2005103,1,1,10292005,,10292005,,,,Copier – Accounting,,Y,N,N,Y,Y,Headquarters,,,,Copier – Accounting,,48,4,,,2005103,2005103,4800,0,0,0,0,0,48,0,0,4,0,A,1000007,1000043,1000022,266,295,DFT,,,,,,1000010,,1000000,1000004,,,,1.75,1,48,1,101,Upload Sample Asset,1000006-Equipment,1000007-HQ-Equipment-_-_-_-_,1000043-HQ-Equipment Depreciation-_-_-_-_,1000022-HQ-Equipment Accumulated Depreciation-_-_-_-_,1000010-Variable Accelerated with a switch to Straight Line,,1000000-Month - Current Period,1000004-DYCON,2005103
11,11,0,1000006,2005104,1,1,10292005,,10292005,,,,Copier – Store,,Y,N,N,Y,Y,Headquarters,,,,Copier – Store,,48,4,,,2005104,2005104,4800,0,0,0,0,0,48,0,0,4,0,A,1000007,1000043,1000022,266,295,DFT,,,,,,1000010,,1000000,1000005,,,,1.75,1,48,1,101,Upload Sample Asset,1000006-Equipment,1000007-HQ-Equipment-_-_-_-_,1000043-HQ-Equipment Depreciation-_-_-_-_,1000022-HQ-Equipment Accumulated Depreciation-_-_-_-_,1000010-Variable Accelerated with a switch to Straight Line,,1000000-Month - Current Period,1000005-FYCON,2005104
11,11,0,1000006,2005105,1,1,10292005,,10292005,,,,Water Dispensers Store,,Y,N,N,Y,Y,Store,,,,Water Dispensers Store,,48,4,,,2005105,2005105,500,0,0,0,0,0,48,0,0,4,0,A,1000012,1000037,1000027,266,295,DFT,,,,,,1000005,,1000000,1000000,,,,1.25,1,48,1,101,Upload Sample Asset,1000006-Equipment,1000012-Store-Equipment-_-_-_-_,1000037-Store-Equipment Depreciation-_-_-_-_,1000027-Store-Equipment Accumulated Depreciation-_-_-_-_,1000005-Variable Accelerated,,1000000-Month - Current Period,1000000-FMCON,2005105
11,11,0,1000006,2005106,1,1,10292005,,10292005,,,,Water Dispensers HQ,,Y,N,N,Y,Y,Headquarters,,,,Water Dispensers HQ,,48,4,,,2005106,2005106,500,0,0,0,0,0,48,0,0,4,0,A,1000007,1000043,1000022,266,295,DFT,,,,,,1000005,,1000000,1000001,,,,1.25,1,48,1,101,Upload Sample Asset,1000006-Equipment,1000007-HQ-Equipment-_-_-_-_,1000043-HQ-Equipment Depreciation-_-_-_-_,1000022-HQ-Equipment Accumulated Depreciation-_-_-_-_,1000005-Variable Accelerated,,1000000-Month - Current Period,1000001-HYCON,2005106
11,11,0,1000006,2005107,1,1,10292005,,10292005,,,,Water Dispensers GH#1,,Y,N,N,Y,Y,Greenhouse #1,,,,Water Dispensers GH#1,,48,4,,,2005107,2005107,500,0,0,0,0,0,48,0,0,4,0,A,1000012,1000037,1000027,266,295,DFT,,,,,,1000005,,1000000,1000002,,,,1.25,1,48,1,101,Upload Sample Asset,1000006-Equipment,1000012-Store-Equipment-_-_-_-_,1000037-Store-Equipment Depreciation-_-_-_-_,1000027-Store-Equipment Accumulated Depreciation-_-_-_-_,1000005-Variable Accelerated,,1000000-Month - Current Period,1000002-MMCON,2005107
11,11,0,1000006,2005108,1,1,10292005,,10292005,,,,Water Dispensers GH#2,,Y,N,N,Y,Y,Greenhouse #2,,,,Water Dispensers GH#2,,48,4,,,2005108,2005108,500,0,0,0,0,0,48,0,0,4,0,A,1000012,1000037,1000027,266,295,DFT,,,,,,1000005,,1000000,1000003,,,,1.25,1,48,1,101,Upload Sample Asset,1000006-Equipment,1000012-Store-Equipment-_-_-_-_,1000037-Store-Equipment Depreciation-_-_-_-_,1000027-Store-Equipment Accumulated Depreciation-_-_-_-_,1000005-Variable Accelerated,,1000000-Month - Current Period,1000003-MQCON,2005108
11,11,0,1000006,2005109,1,1,10292005,,10292005,,,,Copier – Accounting,,Y,N,N,Y,Y,Headquarters,,,,Oven – HQ,,48,4,,,2005109,2005109,500,0,0,0,0,0,48,0,0,4,0,A,1000007,1000043,1000022,266,295,DFT,,,,,,1000005,,1000000,1000004,,,,1.75,1,48,1,101,Upload Sample Asset,1000006-Equipment,1000007-HQ-Equipment-_-_-_-_,1000043-HQ-Equipment Depreciation-_-_-_-_,1000022-HQ-Equipment Accumulated Depreciation-_-_-_-_,1000005-Variable Accelerated,,1000000-Month - Current Period,1000004-DYCON,2005109
11,11,0,1000006,2005110,1,1,10292005,,10292005,,,,Copier – Store,,Y,N,N,Y,Y,Headquarters,,,,Oven – Greenhouse,,48,4,,,2005110,2005110,500,0,0,0,0,0,48,0,0,4,0,A,1000012,1000037,1000027,266,295,DFT,,,,,,1000005,,1000000,1000005,,,,1.75,1,48,1,101,Upload Sample Asset,1000006-Equipment,1000012-Store-Equipment-_-_-_-_,1000037-Store-Equipment Depreciation-_-_-_-_,1000027-Store-Equipment Accumulated Depreciation-_-_-_-_,1000005-Variable Accelerated,,1000000-Month - Current Period,1000005-FYCON,2005110
11,11,0,1000002,2005111,1,1,10292005,,10292005,,,,Printer – Accounting,,Y,N,N,Y,Y,Headquarters,,,,Printer – Accounting,,48,4,,,2005111,2005111,1500,0,0,0,0,0,48,0,0,4,0,A,1000000,1000002,1000001,266,295,DFT,,,,,,1000002,,1000000,1000000,,,,,1,48,1,101,Upload Sample Asset,1000002-Data Processing Equipment,1000000-HQ-Data Processing Equipment-_-_-_-_,1000002-HQ-Data Processing Equipment Depreciation-_-_-_-_,1000001-HQ-Data Processing Equipment Accumulated Depreciation-_-_-_-_,1000002-Sum of Year Digits Depreciation,,1000000-Month - Current Period,1000000-FMCON,2005111
11,11,0,1000002,2005112,1,1,10292005,,10292005,,,,Printer – Marketing,,Y,N,N,Y,Y,Headquarters,,,,Printer – Marketing,,48,4,,,2005112,2005112,1500,0,0,0,0,0,48,0,0,4,0,A,1000000,1000002,1000001,266,295,DFT,,,,,,1000002,,1000000,1000000,,,,,1,48,1,101,Upload Sample Asset,1000002-Data Processing Equipment,1000000-HQ-Data Processing Equipment-_-_-_-_,1000002-HQ-Data Processing Equipment Depreciation-_-_-_-_,1000001-HQ-Data Processing Equipment Accumulated Depreciation-_-_-_-_,1000002-Sum of Year Digits Depreciation,,1000000-Month - Current Period,1000000-FMCON,2005112
11,11,0,1000002,2005113,1,1,10292005,,10292005,,,,Printer – Production,,Y,N,N,Y,Y,Headquarters,,,,Printer – Production,,48,4,,,2005113,2005113,1500,0,0,0,0,0,48,0,0,4,0,A,1000000,1000002,1000001,266,295,DFT,,,,,,1000002,,1000000,1000000,,,,,1,48,1,101,Upload Sample Asset,1000002-Data Processing Equipment,1000000-HQ-Data Processing Equipment-_-_-_-_,1000002-HQ-Data Processing Equipment Depreciation-_-_-_-_,1000001-HQ-Data Processing Equipment Accumulated Depreciation-_-_-_-_,1000002-Sum of Year Digits Depreciation,,1000000-Month - Current Period,1000000-FMCON,2005113
11,11,0,1000002,2005114,1,1,10292005,,10292005,,,,Printer – Store,,Y,N,N,Y,Y,Store,,,,Printer – Store,,48,4,,,2005114,2005114,1500,0,0,0,0,0,48,0,0,4,0,A,1000014,1000039,1000029,266,295,DFT,,,,,,1000002,,1000000,1000000,,,,,1,48,1,101,Upload Sample Asset,1000002-Data Processing Equipment,1000014-Store-Data Processing Equipment-_-_-_-_,1000039-Store-Data Processing Equipment Depreciation-_-_-_-_,1000029-Store-Data Processing Equipment Accumulated Depreciation-_-_-_-_,1000002-Sum of Year Digits Depreciation,,1000000-Month - Current Period,1000000-FMCON,2005114
11,11,0,1000002,2005115,1,1,10292005,,10292005,,,,Printer – GH#1,,Y,N,N,Y,Y,Greenhouse #1,,,,Printer – GH#1,,48,4,,,2005115,2005115,1500,0,0,0,0,0,48,0,0,4,0,A,1000014,1000039,1000029,266,295,DFT,,,,,,1000002,,1000000,1000000,,,,,1,48,1,101,Upload Sample Asset,1000002-Data Processing Equipment,1000014-Store-Data Processing Equipment-_-_-_-_,1000039-Store-Data Processing Equipment Depreciation-_-_-_-_,1000029-Store-Data Processing Equipment Accumulated Depreciation-_-_-_-_,1000002-Sum of Year Digits Depreciation,,1000000-Month - Current Period,1000000-FMCON,2005115
11,11,0,1000002,2005116,1,1,10292005,,10292005,,,,Printer – GH#2,,Y,N,N,Y,Y,Greenhouse #2,,,,Printer – GH#2,,48,4,,,2005116,2005116,1500,0,0,0,0,0,48,0,0,4,0,A,1000014,1000039,1000029,266,295,DFT,,,,,,1000002,,1000000,1000000,,,,,1,48,1,101,Upload Sample Asset,1000002-Data Processing Equipment,1000014-Store-Data Processing Equipment-_-_-_-_,1000039-Store-Data Processing Equipment Depreciation-_-_-_-_,1000029-Store-Data Processing Equipment Accumulated Depreciation-_-_-_-_,1000002-Sum of Year Digits Depreciation,,1000000-Month - Current Period,1000000-FMCON,2005116
11,11,0,1000002,2005117,1,1,10292005,,10292005,,,,Car – President,,Y,N,N,Y,Y,Headquarters,,,,Car – President,,48,4,100000,,2005117,2005117,26000,0,0,0,0,0,48,0,0,4,0,A,1000000,1000002,1000001,266,295,DFT,,,,,,1000004,,1000000,1000000,,,,,1,48,1,101,Upload Sample Asset,1000002-Data Processing Equipment,1000000-HQ-Data Processing Equipment-_-_-_-_,1000002-HQ-Data Processing Equipment Depreciation-_-_-_-_,1000001-HQ-Data Processing Equipment Accumulated Depreciation-_-_-_-_,1000004-Units of Production Depreciation,,1000000-Month - Current Period,1000000-FMCON,2005117
11,11,0,1000002,2005118,1,1,10292005,,10292005,,,,Car – Controller,,Y,N,N,Y,Y,Headquarters,,,,Car – Controller,,48,4,100000,,2005118,2005118,26000,0,0,0,0,0,48,0,0,4,0,A,1000000,1000002,1000001,266,295,DFT,,,,,,1000004,,1000000,1000000,,,,,1,48,1,101,Upload Sample Asset,1000002-Data Processing Equipment,1000000-HQ-Data Processing Equipment-_-_-_-_,1000002-HQ-Data Processing Equipment Depreciation-_-_-_-_,1000001-HQ-Data Processing Equipment Accumulated Depreciation-_-_-_-_,1000004-Units of Production Depreciation,,1000000-Month - Current Period,1000000-FMCON,2005118
11,11,0,1000002,2005119,1,1,10292005,,10292005,,,,Car – Marketing Director,,Y,N,N,Y,Y,Headquarters,,,,Car – Marketing Director,,48,4,100000,,2005119,2005119,26000,0,0,0,0,0,48,0,0,4,0,A,1000000,1000002,1000001,266,295,DFT,,,,,,1000004,,1000000,1000000,,,,,1,48,1,101,Upload Sample Asset,1000002-Data Processing Equipment,1000000-HQ-Data Processing Equipment-_-_-_-_,1000002-HQ-Data Processing Equipment Depreciation-_-_-_-_,1000001-HQ-Data Processing Equipment Accumulated Depreciation-_-_-_-_,1000004-Units of Production Depreciation,,1000000-Month - Current Period,1000000-FMCON,2005119
