[Account_Value],[Account_Name],[Account_Description],[Account_Type],[Account_Sign],[Account_Document],[Account_Summary],[Default_Account],[Account_Parent],[Balance Sheet],[Balance Sheet_Name],[US 1120 Balance Sheet],[US 1120 Balance Sheet_Name],[Profit & Loss],[Profit & Loss_Name],[US 1120 Income Statement],[US 1120 Income Statement_Name],[Cash Flow],[Cash Flow_Name]
0,Anlagevermögen,Anlagevermögen,Asset,,,Yes,,,,,,,,,,,,
0100,Konzessionen,Konzessionen,Asset,,,,,0,,,,,,,,,,
0110,"Patente, Lizenzen","Patente, Lizenzen",Asset,,,,,0,,,,,,,,,,
0120,Datenverarbeitungsprogramme,Datenverarbeitungsprogramme,Asset,,,,,0,,,,,,,,,,
0130,"Marken, Musterschutz, Urheberrechte","Marken, Musterschutz, Urheberrechte",Asset,,,,,0,,,,,,,,,,
0140,Pacht- und Mietrechte,Pacht- und Mietrechte,Asset,,,,,0,,,,,,,,,,
0150,Firmenwert,Firmenwert,Asset,,,,,0,,,,,,,,,,
0160,Verschmelzungswert,Verschmelzungswert,Asset,,,,,0,,,,,,,,,,
0180,geleistete Anzahlungen,geleistete Anzahlungen,Asset,,,,,0,,,,,,,,,,
0200,bebaute Grundstücke (Grundwert),bebaute Grundstücke (Grundwert),Asset,,,,,0,,,,,,,,,,
0210,Betriebs- und Geschäftsgebäude auf eigenem Grund,Betriebs- und Geschäftsgebäude auf eigenem Grund,Asset,,,,,0,,,,,,,,,,
0220,Wohn- und Sozialgebäude auf eigenem Grund,Wohn- und Sozialgebäude auf eigenem Grund,Asset,,,,,0,,,,,,,,,,
0230,Betriebs- und Geschäftsgebäude auf fremdem Grund,Betriebs- und Geschäftsgebäude auf fremdem Grund,Asset,,,,,0,,,,,,,,,,
0240,Wohn- und Sozialgebäude auf fremdem Grund,Wohn- und Sozialgebäude auf fremdem Grund,Asset,,,,,0,,,,,,,,,,
0250,bauliche Investitionen in fremden Gebäuden,bauliche Investitionen in fremden Gebäuden,Asset,,,,,0,,,,,,,,,,
0260,bauliche Investitionen in fremden Sozialgebäuden,bauliche Investitionen in fremden Sozialgebäuden,Asset,,,,,0,,,,,,,,,,
0270,Grundstückseinrichtungen eigener Grundstücke,Grundstückseinrichtungen eigener Grundstücke,Asset,,,,,0,,,,,,,,,,
0280,Grundstückseinrichtungen fremder Grundstücke,Grundstückseinrichtungen fremder Grundstücke,Asset,,,,,0,,,,,,,,,,
0285,aktivierungspflichtige Instandsetzung,aktivierungspflichtige Instandsetzung,Asset,,,,,0,,,,,,,,,,
0299,kumulierte Abschreibungen,kumulierte Abschreibungen,Asset,,,,,0,,,,,,,,,,
0300,unbebaute Grundstücke,unbebaute Grundstücke,Asset,,,,,0,,,,,,,,,,
0399,kumulierte Abschreibungen,kumulierte Abschreibungen,Asset,,,,,0,,,,,,,,,,
0400,Fertigungsmaschinen,Fertigungsmaschinen,Asset,,,,,0,,,,,,,,,,
0410,Antriebsmaschinen,Antriebsmaschinen,Asset,,,,,0,,,,,,,,,,
0420,Energieversorgungsanlagen,Energieversorgungsanlagen,Asset,,,,,0,,,,,,,,,,
0430,Transportanlagen,Transportanlagen,Asset,,,,,0,,,,,,,,,,
0440,sonstige technische Anlagen und Maschinen,sonstige technische Anlagen und Maschinen,Asset,,,,,0,,,,,,,,,,
0499,kumulierte Abschreibungen,kumulierte Abschreibungen,Asset,,,,,0,,,,,,,,,,
0500,Maschinenwerkzeuge,Maschinenwerkzeuge,Asset,,,,,0,,,,,,,,,,
0510,allgemeine Werkzeuge und Handwerkzeuge,allgemeine Werkzeuge und Handwerkzeuge,Asset,,,,,0,,,,,,,,,,
0520,"Vorrichtungen, Formen und Modelle","Vorrichtungen, Formen und Modelle",Asset,,,,,0,,,,,,,,,,
0530,andere Erzeugungshilfsmittel,andere Erzeugungshilfsmittel,Asset,,,,,0,,,,,,,,,,
0550,Hebezeuge und Montageanlagen,Hebezeuge und Montageanlagen,Asset,,,,,0,,,,,,,,,,
0560,Beheizungs- und Beleuchtungsanlagen,Beheizungs- und Beleuchtungsanlagen,Asset,,,,,0,,,,,,,,,,
0570,Nachrichten- und Kontrollanlagen,Nachrichten- und Kontrollanlagen,Asset,,,,,0,,,,,,,,,,
0580,Betriebsausstattung,Betriebsausstattung,Asset,,,,,0,,,,,,,,,,
0590,Geschäftsausstattung,Geschäftsausstattung,Asset,,,,,0,,,,,,,,,,
0600,Büroeinrichtung,Büroeinrichtung,Asset,,,,,0,,,,,,,,,,
0610,Einrichtung von Verkaufsräumen,Einrichtung von Verkaufsräumen,Asset,,,,,0,,,,,,,,,,
0620,Büromaschinen,Büromaschinen,Asset,,,,,0,,,,,,,,,,
0625,EDV-Anlagen,EDV-Anlagen,Asset,,,,,0,,,,,,,,,,
0630,PKW,PKW,Asset,,,,,0,,,,,,,,,,
0640,LKW,LKW,Asset,,,,,0,,,,,,,,,,
0650,Fuhrpark,Fuhrpark,Asset,,,,,0,,,,,,,,,,
0670,Gebinde,Gebinde,Asset,,,,,0,,,,,,,,,,
0680,geringwertige Wirtschaftsgüter,geringwertige Wirtschaftsgüter,Asset,,,,,0,,,,,,,,,,
0699,kumulierte Abschreibungen,kumulierte Abschreibungen,Asset,,,,,0,,,,,,,,,,
0700,geleistete Anzahlungen,geleistete Anzahlungen,Asset,,,,,0,,,,,,,,,,
0710,Anlagen in Bau,Anlagen in Bau,Asset,,,,,0,,,,,,,,,,
0799,kumulierte Abschreibungen,kumulierte Abschreibungen,Asset,,,,,0,,,,,,,,,,
0800,Beteiligungen an verbundenen Unternehmen,Beteiligungen an verbundenen Unternehmen,Asset,,,,,0,,,,,,,,,,
0810,Beteiligungen an Gemeinschaftsunternehmen,Beteiligungen an Gemeinschaftsunternehmen,Asset,,,,,0,,,,,,,,,,
0840,Ausleihungen gegenüber verbundenen Unternehmen,Ausleihungen gegenüber verbundenen Unternehmen,Asset,,,,,0,,,,,,,,,,
0850,Ausleihungen ggü. Untern. m. denen Beteiligungsverh. besteht,Ausleihungen ggü. Untern. m. denen Beteiligungsverh. besteht,Asset,,,,,0,,,,,,,,,,
0860,sonstige Ausleihungen,sonstige Ausleihungen,Asset,,,,,0,,,,,,,,,,
0870,Wertpapiere Par. 14 EStG,Wertpapiere Par. 14 EStG,Asset,,,,,0,,,,,,,,,,
0880,Anteile an Kapitalgesellschaften ohne Beteiligungscharakter,Anteile an Kapitalgesellschaften ohne Beteiligungscharakter,Asset,,,,,0,,,,,,,,,,
0890,Anteile an Personengesellschaften ohne Beteiligungscharakter,Anteile an Personengesellschaften ohne Beteiligungscharakter,Asset,,,,,0,,,,,,,,,,
0900,Genossenschaftsanteile ohne Beteiligungscharakter,Genossenschaftsanteile ohne Beteiligungscharakter,Asset,,,,,0,,,,,,,,,,
0910,Anteile an Investmentfonds,Anteile an Investmentfonds,Asset,,,,,0,,,,,,,,,,
0920,festverzinsliche Wertpapiere,festverzinsliche Wertpapiere,Asset,,,,,0,,,,,,,,,,
0939,kumulierte Abschreibungen,kumulierte Abschreibungen,Asset,,,,,0,,,,,,,,,,
0940,geleistete Anzahlungen,geleistete Anzahlungen,Asset,,,,,0,,,,,,,,,,
1,Vorräte,Vorräte,Asset,,,Yes,,,,,,,,,,,,
1000,Rohstoffe,Rohstoffe,Asset,,Yes,,P_ASSET_ACCT,1,,,,,,,,,,
1200,bezogene Teile,bezogene Teile,Asset,,,,,1,,,,,,,,,,
1300,Hilfsstoffe,Hilfsstoffe,Asset,,,,,1,,,,,,,,,,
1400,Betriebsstoffe,Betriebsstoffe,Asset,,,,,1,,,,,,,,,,
1500,halbfertige Erzeugnisse,halbfertige Erzeugnisse,Asset,,,,,1,,,,,,,,,,
1550,fertige Erzeugnisse,fertige Erzeugnisse,Asset,,,,,1,,,,,,,,,,
1600,Warenlager,Warenlager,Asset,,Yes,,W_INVENTORY_ACCT,1,,,,,,,,,,
1601,Ware unterwegs,Ware unterwegs,Asset,,,,,1,,,,,,,,,,
1610,Verpackung,Verpackung,Asset,,,,,1,,,,,,,,,,
1615,Werbematerial,Werbematerial,Asset,,,,,1,,,,,,,,,,
1620,Heizmaterial,Heizmaterial,Asset,,,,,1,,,,,,,,,,
1700,noch nicht abrechenbare Leistungen,noch nicht abrechenbare Leistungen,Asset,,,,,1,,,,,,,,,,
1800,geleistete Anzahlungen,geleistete Anzahlungen,Asset,,Yes,,V_PREPAYMENT_ACCT,1,,,,,,,,,,
1900,Wertberichtigungen,Wertberichtigungen,Asset,,,,,1,,,,,,,,,,
2,Umlaufvermögen,Umlaufvermögen,Asset,,,Yes,,,,,,,,,,,,
2000,Forderungen aus Lieferungen u. Leistungen Inland LZ u. 1 J.,Forderungen aus Lieferungen u. Leistungen Inland LZ u. 1 J.,Asset,,Yes,,C_RECEIVABLE_ACCT,2,,,,,,,,,,
2001,Forderungen aus Dienstleistungen (*),,Asset,,Yes,,C_RECEIVABLE_SERVICES_ACCT,2,,,,,,,,,,
2002,Forderungen ohne Rechnung (*),Forderungen ohne Rechnung (*),Asset,,Yes,,NOTINVOICEDRECEIVABLES_ACCT,2,,,,,,,,,,
2050,Forderungen aus Lieferungen u. Leistungen Inland LZ ü. 1 J.,Forderungen aus Lieferungen u. Leistungen Inland LZ ü. 1 J.,Asset,,,,,2,,,,,,,,,,
2070,Einzelwertberichtigung zu Ford.a.Lieferung.u.Leistung.Inl.,Einzelwertberichtigung zu Ford.a.Lieferung.u.Leistung.Inl.,Asset,,,,,2,,,,,,,,,,
2075,Pauschalwertberichtigung zu Ford.a.Lieferung.u.Leistung.Inl.,Pauschalwertberichtigung zu Ford.a.Lieferung.u.Leistung.Inl.,Asset,,,,,2,,,,,,,,,,
2080,Wertberichtigung f. Zinsverluste zu Ford.a.Lief.u.Leist.Inl.,Wertberichtigung f. Zinsverluste zu Ford.a.Lief.u.Leist.Inl.,Asset,,,,,2,,,,,,,,,,
2085,Wertberichtigung f. Skontiaufwand z.Ford.a.Lief.u.Leist.Inl.,Wertberichtigung f. Skontiaufwand z.Ford.a.Lief.u.Leist.Inl.,Asset,,,,,2,,,,,,,,,,
2090,Wertberichtigung f. dubiose Fordungen a.Lief.u.Leist.Inl.,Wertberichtigung f. dubiose Fordungen a.Lief.u.Leist.Inl.,Asset,,,,,2,,,,,,,,,,
2100,Forderungen aus Lieferungen u. Leistungen Ausland LZ u. 1 J.,Forderungen aus Lieferungen u. Leistungen Ausland LZ u. 1 J.,Asset,,,,,2,,,,,,,,,,
2150,Forderungen aus Lieferungen u. Leistungen Ausland LZ ü.1 J.,Forderungen aus Lieferungen u. Leistungen Ausland LZ ü.1 J.,Asset,,,,,2,,,,,,,,,,
2170,Einzelwertberichtigung zu Ford.a.Lieferung.u.Leistung. Ausl.,Einzelwertberichtigung zu Ford.a.Lieferung.u.Leistung. Ausl.,Asset,,,,,2,,,,,,,,,,
2175,Pauschalwertberichtigung zu Ford.a.Lief.u.Leist.Ausl.,Pauschalwertberichtigung zu Ford.a.Lief.u.Leist.Ausl.,Asset,,,,,2,,,,,,,,,,
2180,Wertberichtigung f. Zinsverluste z.Ford.a.Lief.u.Leist.Ausl.,Wertberichtigung f. Zinsverluste z.Ford.a.Lief.u.Leist.Ausl.,Asset,,,,,2,,,,,,,,,,
2185,Wertberichtigung f. Skontiaufwand z.Ford.a.Lief.u.Leis.Ausl.,Wertberichtigung f. Skontiaufwand z.Ford.a.Lief.u.Leis.Ausl.,Asset,,,,,2,,,,,,,,,,
2190,Wertberichtigung f. dubiose Forderungen a.Lief.u.Leist.Ausl.,Wertberichtigung f. dubiose Forderungen a.Lief.u.Leist.Ausl.,Asset,,,,,2,,,,,,,,,,
2200,Forderungen gegenüber verbundenen Unternehmen LZ u. 1 J.,Forderungen gegenüber verbundenen Unternehmen LZ u. 1 J.,Asset,,Yes,,INTERCOMPANYDUEFROM_ACCT,2,,,,,,,,,,
2210,Forderungen gegenüber verbundenen Unternehmen LZ ü. 1 J.,Forderungen gegenüber verbundenen Unternehmen LZ ü. 1 J.,Asset,,,,,2,,,,,,,,,,
2215,Verrechnungskonto für verbundene Unternehmen,Verrechnungskonto für verbundene Unternehmen,Asset,,,,,2,,,,,,,,,,
2230,Einzelwertberichtigung zu Forderungen ggü. verbund. Untern.,Einzelwertberichtigung zu Forderungen ggü. verbund. Untern.,Asset,,,,,2,,,,,,,,,,
2240,Pauschalwertberichtigung zu Forderungen ggü. verb. Untern.,Pauschalwertberichtigung zu Forderungen ggü. verb. Untern.,Asset,,,,,2,,,,,,,,,,
2250,Forderungen ggü. Untern. m. Beteiligungsverhältnis LZ u.1 J.,Forderungen ggü. Untern. m. Beteiligungsverhältnis LZ u.1 J.,Asset,,,,,2,,,,,,,,,,
2260,Forderungen ggü. Untern. m. Beteiligungsverhältnis LZ ü.1 J.,Forderungen ggü. Untern. m. Beteiligungsverhältnis LZ ü.1 J.,Asset,,,,,2,,,,,,,,,,
2265,Verrechnungskonto für Firmen m. Beteiligungsverhältnis,Verrechnungskonto für Firmen m. Beteiligungsverhältnis,Asset,,,,,2,,,,,,,,,,
2280,Einzelwertberichtigung z.Ford.ggü.Untern.m.Beteiligungsverh.,Einzelwertberichtigung z.Ford.ggü.Untern.m.Beteiligungsverh.,Asset,,,,,2,,,,,,,,,,
2290,Pauschalwertberichtigung z.Ford.ggü.Untern.m.Beteilig.Verh.,Pauschalwertberichtigung z.Ford.ggü.Untern.m.Beteilig.Verh.,Asset,,,,,2,,,,,,,,,,
2300,Forderungen aus Abgabenverrechnung,Forderungen aus Abgabenverrechnung,Asset,,,,,2,,,,,,,,,,
2305,Anzahlungen an Lieferanten (VSt),Anzahlungen an Lieferanten (VSt),Asset,,,,,2,,,,,,,,,,
2400,"Darlehen, diverse Verrechnungskonten","Darlehen, diverse Verrechnungskonten",Asset,,,,,2,,,,,,,,,,
2440,Geldverrechnungskonto,Geldverrechnungskonto,Asset,,,,,2,,,,,,,,,,
2460,Forderungen Kreditkarten,Forderungen Kreditkarten,Asset,,,,,2,,,,,,,,,,
2500,Vorsteuer,Vorsteuer,Asset,,Yes,,T_EXPENSE_ACCT,2,,,,,,,,,,
2510,Einfuhrumsatzsteuer,Einfuhrumsatzsteuer,Asset,,,,,2,,,,,,,,,,
2520,MWSt Verrechnungskonto Guthaben,MWSt Verrechnungskonto Guthaben,Asset,,,,,2,,,,,,,,,,
2530,Finanzamt Guthaben,Finanzamt Guthaben,Asset,,,,,2,,,,,,,,,,
2531,T_RECEIVABLES_ACCT,Tax Receivables,Asset,,Yes,,T_RECEIVABLES_ACCT,2,,,,,,,,,,
2540,Vorsteuer Bau Par. 19 Abs. 1a UStG,Vorsteuer Bau Par. 19 Abs. 1a UStG,Asset,,,,,2,,,,,,,,,,
2550,Vorsteuer innergemeinschaftlicher Erwerb,Vorsteuer innergemeinschaftlicher Erwerb,Asset,,,,,2,,,,,,,,,,
2555,Forderung aus Vorsteuer-Vergütung (Ausland),Forderung aus Vorsteuer-Vergütung (Ausland),Asset,,,,,2,,,,,,,,,,
2560,Vorsteuer reverse charge system"""",Vorsteuer reverse charge system"""",Asset,,,,,2,,,,,,,,,,
2590,sonstige Forderungen,sonstige Forderungen,Asset,,,,,2,,,,,,,,,,
2591,Reiseaufwand Mitarbeiter Vorauszahlungen,Reiseaufwand Mitarbeiter Vorauszahlungen,Asset,,Yes,,E_PREPAYMENT_ACCT,2,,,,,,,,,,
2595,aktivierter Rückkaufswert Abfertigungsversicherungen,aktivierter Rückkaufswert Abfertigungsversicherungen,Asset,,,,,2,,,,,,,,,,
2600,eigene Anteile,eigene Anteile,Asset,,,,,2,,,,,,,,,,
2620,Anteile an verbundenen Unternehmen,Anteile an verbundenen Unternehmen,Asset,,,,,2,,,,,,,,,,
2630,Wertpapiere des Umlaufvermögens,Wertpapiere des Umlaufvermögens,Asset,,,,,2,,,,,,,,,,
2640,Anteile,Anteile,Asset,,,,,2,,,,,,,,,,
2650,Besitzwechsel,Besitzwechsel,Asset,,,,,2,,,,,,,,,,
2690,Wertberichtigungen,Wertberichtigungen,Asset,,,,,2,,,,,,,,,,
2700,Kassa,Kassa,Asset,,Yes,,CB_ASSET_ACCT,2,,,,,,,,,,
2701,Kassa Geld in Transit,Kassa Geld in Transit,Asset,,Yes,,CB_CASHTRANSFER_ACCT,2,,,,,,,,,,
2730,Briefmarken,Briefmarken,Asset,,,,,2,,,,,,,,,,
2740,Stempelmarken,Stempelmarken,Asset,,,,,2,,,,,,,,,,
2750,Fremdwährungskassa,Fremdwährungskassa,Asset,,,,,2,,,,,,,,,,
2780,Schecks in Inlandswährung,Schecks in Inlandswährung,Asset,,,,,2,,,,,,,,,,
2790,Schecks in Fremdwährung,Schecks in Fremdwährung,Asset,,,,,2,,,,,,,,,,
2800,Bank (Guthaben),Bank (Guthaben),Asset,,Yes,,B_ASSET_ACCT,2,,,,,,,,,,
2801,Bank Geld in Transit,Bank Geld in Transit,Asset,,Yes,,B_INTRANSIT_ACCT,2,,,,,,,,,,
2803,Bank nicht zugeordnete Zahlung,Bank nicht zugeordnete Zahlung,Asset,,Yes,,B_UNALLOCATEDCASH_ACCT,2,,,,,,,,,,
2804,Bank Zahlungen von Unbekannt,Bank Zahlungen von Unbekannt,Asset,,Yes,,B_UNIDENTIFIED_ACCT,2,,,,,,,,,,
2900,aktive Rechnungsabgrenzung,aktive Rechnungsabgrenzung,Asset,,,,,2,,,,,,,,,,
2950,aktive Geldbeschaffungskosten,aktive Geldbeschaffungskosten,Asset,,,,,2,,,,,,,,,,
2960,Unterschiedsbetrag zur Pensionsrückstellung,Unterschiedsbetrag zur Pensionsrückstellung,Asset,,,,,2,,,,,,,,,,
2970,Unterschiedsbetrag zur Abfertigungsrückstellung,Unterschiedsbetrag zur Abfertigungsrückstellung,Asset,,,,,2,,,,,,,,,,
3,Verbindlichkeiten,Verbindlichkeiten,Liability,,,Yes,,,,,,,,,,,,
3000,Rückstellungen für Abfertigungen gemäß Par. 14 EStG,Rückstellungen für Abfertigungen gemäß Par. 14 EStG,Liability,,,,,3,,,,,,,,,,
3005,Rückstellungen f. Abfertigungen nach finanzmath. Grundsätzen,Rückstellungen f. Abfertigungen nach finanzmath. Grundsätzen,Liability,,,,,3,,,,,,,,,,
3010,Rückstellungen für Pensionen,Rückstellungen für Pensionen,Liability,,,,,3,,,,,,,,,,
3020,Rückstellungen für Körperschaftsteuer,Rückstellungen für Körperschaftsteuer,Liability,,,,,3,,,,,,,,,,
3030,Rückstellungen für sonstige Steuern,Rückstellungen für sonstige Steuern,Liability,,,,,3,,,,,,,,,,
3050,Rückstellungen für Gewährleistungen,Rückstellungen für Gewährleistungen,Liability,,,,WITHHOLDING_ACCT,3,,,,,,,,,,
3051,Rückstellungen für Prozesskosten,Rückstellungen für Prozesskosten,Liability,,,,,3,,,,,,,,,,
3052,Rückstellungen für Garantien,Rückstellungen für Garantien,Liability,,,,,3,,,,,,,,,,
3053,Rückstellungen für noch nicht konsumierte Urlaube,Rückstellungen für noch nicht konsumierte Urlaube,Liability,,,,,3,,,,,,,,,,
3054,Rückstellungen für Jubiläumsgelder,Rückstellungen für Jubiläumsgelder,Liability,,,,,3,,,,,,,,,,
3055,Rückstellungen für Produkthaftung,Rückstellungen für Produkthaftung,Liability,,,,,3,,,,,,,,,,
3056,Rückstellungen für Zinsverluste,Rückstellungen für Zinsverluste,Liability,,,,,3,,,,,,,,,,
3057,Rückstellungen für Kursrisken,Rückstellungen für Kursrisken,Liability,,,,,3,,,,,,,,,,
3100,Rückstellungen für Boni und Rabatte,Rückstellungen für Boni und Rabatte,Liability,,,,,3,,,,,,,,,,
3150,Anleihen,Anleihen,Liability,,,,,3,,,,,,,,,,
3200,Banken (Verbindlichkeiten),Banken (Verbindlichkeiten),Liability,,,,,3,,,,,,,,,,
3250,Kreditkonten,Kreditkonten,Liability,,,,,3,,,,,,,,,,
3290,Kundenanzahlungen nicht USt-pflichtig,Kundenanzahlungen nicht USt-pflichtig,Liability,,,,,3,,,,,,,,,,
3295,Kundenanzahlungen USt-pflichtig,Kundenanzahlungen USt-pflichtig,Liability,,Yes,,C_PREPAYMENT_ACCT,3,,,,,,,,,,
3300,Verbindlichkeiten aus Lieferungen u. Leistungen LZ u. 1 J.,Verbindlichkeiten aus Lieferungen u. Leistungen LZ u. 1 J.,Liability,,,,V_LIABILITY_ACCT,3,,,,,,,,,,
3301,Verbindlichkeiten aus Dienstleistungen (*),,Liability,,,,V_LIABILITY_SERVICES_ACCT,3,,,,,,,,,,
3302,Verbindlichkeiten ohne Rechnung (*),Verbindlichkeiten ohne Rechnung,Liability,,,,NOTINVOICEDRECEIPTS_ACCT,3,,,,,,,,,,
3303,Rechnung ohne Wareneingang (*),P_INVENTORYCLEARING_ACCT,Liability,,,,P_INVENTORYCLEARING_ACCT,3,,,,,,,,,,
3304,Verbindlichkeiten zur Zahlung selektiert (*),Verbindlichkeiten zur Zahlung selektiert,Liability,,Yes,,B_PAYMENTSELECT_ACCT,3,,,,,,,,,,
3310,Verbindlichkeiten aus Lieferungen u. Leistungen LZ ü.1 J.,Verbindlichkeiten aus Lieferungen u. Leistungen LZ ü.1 J.,Liability,,,,,3,,,,,,,,,,
3340,Verbindlichkeiten aus Lieferungen u. Leistungen Ausland,Verbindlichkeiten aus Lieferungen u. Leistungen Ausland,Liability,,,,,3,,,,,,,,,,
3360,Wechselverbindlichkeiten,Wechselverbindlichkeiten,Liability,,,,,3,,,,,,,,,,
3400,Verbindlichkeiten ggü. verbundenen Unternehmen LZ u. 1 J.,Verbindlichkeiten ggü. verbundenen Unternehmen LZ u. 1 J.,Liability,,,,INTERCOMPANYDUETO_ACCT,3,,,,,,,,,,
3410,Verbindlichkeiten ggü. verbundenen Unternehmen LZ ü. 1 J.,Verbindlichkeiten ggü. verbundenen Unternehmen LZ ü. 1 J.,Liability,,,,,3,,,,,,,,,,
3420,Verrechnungskonto verbundene Unternehmen,Verrechnungskonto verbundene Unternehmen,Liability,,,,,3,,,,,,,,,,
3460,Verbindlichkeiten ggü. Untern.m.Beteiligungsverh. LZ u.1 J.,Verbindlichkeiten ggü. Untern.m.Beteiligungsverh. LZ u.1 J.,Liability,,,,,3,,,,,,,,,,
3470,Verbindlichkeiten ggü. Untern.m.Beteiligungsverh. LZ ü.1 J.,Verbindlichkeiten ggü. Untern.m.Beteiligungsverh. LZ ü.1 J.,Liability,,,,,3,,,,,,,,,,
3480,Verrechnungskonto Untern. m. denen Beteiligungsverh. besteht,Verrechnungskonto Untern. m. denen Beteiligungsverh. besteht,Liability,,,,,3,,,,,,,,,,
3500,Lohn- und Gehaltsverrechnung,Lohn- und Gehaltsverrechnung,Liability,,,,,3,,,,,,,,,,
3501,Lohnsteuer,Lohnsteuer,Liability,,,,,3,,,,,,,,,,
3510,Finanzamt,Finanzamt,Liability,,,,,3,,,,,,,,,,
3520,Zahllast,Zahllast,Liability,,,,,3,,,,,,,,,,
3530,"lohnabhängige Verbindlichkeiten (DB, DZ, Kommunalst., DGA)","lohnabhängige Verbindlichkeiten (DB, DZ, Kommunalst., DGA)",Liability,,,,,3,,,,,,,,,,
3540,Wiener Gebietskrankenkasse,Wiener Gebietskrankenkasse,Liability,,,,,3,,,,,,,,,,
3541,NÖ Gebietskrankenkasse,NÖ Gebietskrankenkasse,Liability,,,,,3,,,,,,,,,,
3550,Verbindlichkeiten aus der Abgabenverrechnung (KÖSt),Verbindlichkeiten aus der Abgabenverrechnung (KÖSt),Liability,,,,,3,,,,,,,,,,
3560,Darlehen von Gesellschaftern,Darlehen von Gesellschaftern,Liability,,,,,3,,,,,,,,,,
3570,Verrechnungskonto Gesellschafter,Verrechnungskonto Gesellschafter,Liability,,,,,3,,,,,,,,,,
3580,sonstige Darlehen,sonstige Darlehen,Liability,,,,,3,,,,,,,,,,
3590,sonstige Verrechnungskonten,sonstige Verrechnungskonten,Liability,,,,,3,,,,,,,,,,
3600,Umsatzsteuer vereinbart 10 %,Umsatzsteuer vereinbart 10 %,Liability,,,,,3,,,,,,,,,,
3601,Umsatzsteuer vereinbart 20 %,Umsatzsteuer vereinbart 20 %,Liability,,Yes,,T_DUE_ACCT,3,,,,,,,,,,
3602,Umsatzsteuer vereinbart 12%,Umsatzsteuer vereinbart 12%,Liability,,,,,3,,,,,,,,,,
3603,Umsatzsteuer vereinbart 16%,Umsatzsteuer vereinbart 16%,Liability,,,,,3,,,,,,,,,,
3610,Umsatzsteuer vereinnahmt,Umsatzsteuer vereinnahmt,Liability,,,,,3,,,,,,,,,,
3620,T_LIABILITY_ACCT,Ust Verbindlichkeiten,Liability,,Yes,,T_LIABILITY_ACCT,3,,,,,,,,,,
3630,Umsatzsteuer Bau Par. 19 Abs. 1a UStG,Umsatzsteuer Bau Par. 19 Abs. 1a UStG,Liability,,,,,3,,,,,,,,,,
3650,Umsatzsteuer innergemeinschaftlicher Erwerb 10%,Umsatzsteuer innergemeinschaftlicher Erwerb 10%,Liability,,,,,3,,,,,,,,,,
3651,Umsatzsteuer innergemeinschaftlicher Erwerb 20%,Umsatzsteuer innergemeinschaftlicher Erwerb 20%,Liability,,,,,3,,,,,,,,,,
3652,Umsatzsteuer innergemeinschaftlicher Erwerb 12%,Umsatzsteuer innergemeinschaftlicher Erwerb 12%,Liability,,,,,3,,,,,,,,,,
3653,Umsatzsteuer innergemeinschaftlicher Erwerb 16%,Umsatzsteuer innergemeinschaftlicher Erwerb 16%,Liability,,,,,3,,,,,,,,,,
3655,Umsatzsteuer aus in EU steuerpflichtiger Lieferung,Umsatzsteuer aus in EU steuerpflichtiger Lieferung,Liability,,,,,3,,,,,,,,,,
3660,Umsatzsteuer reverse charge system"""",Umsatzsteuer reverse charge system"""",Liability,,,,,3,,,,,,,,,,
3890,sonstige Verbindlichkeiten,sonstige Verbindlichkeiten,Liability,,,,,3,,,,,,,,,,
3900,passive Rechnungsabgrenzung,passive Rechnungsabgrenzung,Liability,,,,,3,,,,,,,,,,
4,Betriebliche Erträge,Betriebliche Erträge,Revenue,,,Yes,,,,,,,,,,,,
40,Brutto Umsatzerlöse und Erlösschmälerungen,Brutto Umsatzerlöse und Erlösschmälerungen,Revenue,,,Yes,,4,,,,,40,Brutto Umsatzerlöse und Erlösschmälerungen,,,,
4000,Umsatzerlöse Inland 20 %,Umsatzerlöse Inland 20 %,Revenue,,Yes,,P_REVENUE_ACCT,40,,,,,,,,,,
4070,Erlöse Bauleistungen 0% Par. 19 Abs. 1a UStG,Erlöse Bauleistungen 0% Par. 19 Abs. 1a UStG,Revenue,,,,,40,,,,,,,,,,
4100,Umsatzerlöse Inland 10 %,Umsatzerlöse Inland 10 %,Revenue,,,,,40,,,,,,,,,,
4110,Umsatzerlöse Inland 12%,Umsatzerlöse Inland 12%,Revenue,,,,,40,,,,,,,,,,
4120,Umsatzerlöse Inland 16%,Umsatzerlöse Inland 16%,Revenue,,,,,40,,,,,,,,,,
4150,Umsatzerlöse Inland 0 %,Umsatzerlöse Inland 0 %,Revenue,,,,,40,,,,,,,,,,
4200,Umsatzerlöse Export Nicht-EU (Drittland) 0 %,Umsatzerlöse Export Nicht-EU (Drittland) 0 %,Revenue,,,,,40,,,,,,,,,,
4210,Transiterlöse,Transiterlöse,Revenue,,,,,40,,,,,,,,,,
4220,Transiterlöse innergemeinschaftliche Lieferung,Transiterlöse innergemeinschaftliche Lieferung,Revenue,,,,,40,,,,,,,,,,
4230,Erlöse aus im anderen EU-Land steuerpflichtigen Lieferungen,Erlöse aus im anderen EU-Land steuerpflichtigen Lieferungen,Revenue,,,,,40,,,,,,,,,,
4240,Umsatzerlöse nicht steuerbar,Umsatzerlöse nicht steuerbar,Revenue,,,,,40,,,,,,,,,,
4300,Erlöse innergemeinschaftliche Lieferung (steuerfrei),Erlöse innergemeinschaftliche Lieferung (steuerfrei),Revenue,,,,,40,,,,,,,,,,
4400,Skontoaufwand 20 %,Skontoaufwand 20 %,Revenue,,Yes,,PAYDISCOUNT_EXP_ACCT,40,,,,,,,,,,
4401,Skontoaufwand 10 %,Skontoaufwand 10 %,Revenue,,,,,40,,,,,,,,,,
4402,Skontoaufwand  0 %,Skontoaufwand  0 %,Revenue,,,,,40,,,,,,,,,,
4403,Umsatzvergütungen 20 %,Umsatzvergütungen 20 %,Revenue,,,,,40,,,,,,,,,,
4404,Umsatzvergütungen 10 %,Umsatzvergütungen 10 %,Revenue,,,,,40,,,,,,,,,,
4405,Umsatzvergütungen  0 %,Umsatzvergütungen  0 %,Revenue,,,,,40,,,,,,,,,,
4406,Mengenrabatt,Mengenrabatt,Revenue,,,,,40,,,,,,,,,,
4407,Treueprämien,Treueprämien,Revenue,,,,,40,,,,,,,,,,
4408,Skontoaufwand Bauerlöse,Skontoaufwand Bauerlöse,Revenue,,,,,40,,,,,,,,,,
4410,Skontoaufwand innergemeinschaftliche Lieferung,Skontoaufwand innergemeinschaftliche Lieferung,Revenue,,,,,40,,,,,,,,,,
4411,erhaltene Rabatte (*),erhaltene Rabatte,Revenue,,Yes,,P_TRADEDISCOUNTREC_ACCT,40,,,,,,,,,,
4412,gewährte Rabatte (*),gewährte Rabatte,Expense,,Yes,,P_TRADEDISCOUNTGRANT_ACCT,40,,,,,,,,,,
4420,Dot. Rückstellungen für Preisnachlässe,Dot. Rückstellungen für Preisnachlässe,Revenue,,,,,40,,,,,,,,,,
4430,Dot. Rückstellungen für Umsatzboni,Dot. Rückstellungen für Umsatzboni,Revenue,,,,,40,,,,,,,,,,
4440,Dot. Wertberichtigung für Skontiaufwand zu Forderungen,Dot. Wertberichtigung für Skontiaufwand zu Forderungen,Revenue,,,,,40,,,,,,,,,,
445, Veränderung des Bestands an fertigen und unfertigen Erzeugnissen, Veränderung des Bestands an fertigen und unfertigen Erzeugnissen,Revenue,,,Yes,,4,,,,,445, Veränderung des Bestands an fertigen und unfertigen Erzeugnissen,,,,
4450,Bestandserhöhung Warenlager,Bestandserhöhung Warenlager,Revenue,,,,,445,,,,,,,,,,
4455,Bestandsverminderung Warenlager,Bestandsverminderung Warenlager,Revenue,,,,,445,,,,,,,,,,
4460,Bestandserhöhung fertige Erzeugnisse,Bestandserhöhung fertige Erzeugnisse,Revenue,,,,,445,,,,,,,,,,
4465,Bestandsverminderung fertige Erzeugnisse,Bestandsverminderung fertige Erzeugnisse,Revenue,,,,,445,,,,,,,,,,
4470,Bestandserhöhung unfertige Erzeugnisse,Bestandserhöhung unfertige Erzeugnisse,Revenue,,,,,445,,,,,,,,,,
4475,Bestandsverminderung unfertige Erzeugnisse,Bestandsverminderung unfertige Erzeugnisse,Revenue,,,,,445,,,,,,,,,,
4478,Bestandserhöhung noch nicht abrechenbarer Leistungen,Bestandserhöhung noch nicht abrechenbarer Leistungen,Revenue,,,,,445,,,,,,,,,,
4479,Bestandsverminderung noch nicht abrechenbarer Leistungen,Bestandsverminderung noch nicht abrechenbarer Leistungen,Revenue,,,,,445,,,,,,,,,,
448,aktivierte Eigenleistungen,aktivierte Eigenleistungen,Revenue,,,Yes,,4,,,,,448,aktivierte Eigenleistungen,,,,
4480,aktivierte Eigenleistungen,aktivierte Eigenleistungen,Revenue,,,,,448,,,,,,,,,,
45,sonstige betriebliche Erträge,sonstige betriebliche Erträge,Revenue,,,Yes,,4,,,,,45,sonstige betriebliche Erträge,,,,
4500,Anlagenverkauf 20 %,Anlagenverkauf 20 %,Revenue,,,,,45,,,,,,,,,,
4510,Anlagenverkauf  0 %,Anlagenverkauf  0 %,Revenue,,,,,45,,,,,,,,,,
4520,Anlagenverkauf innergemein. Lieferung (steuerfrei),Anlagenverkauf innergemein. Lieferung (steuerfrei),Revenue,,,,,45,,,,,,,,,,
4530,Zuschreibungen,Zuschreibungen,Revenue,,,,,45,,,,,,,,,,
4550,Buchwert abgegangener Anlagen,Buchwert abgegangener Anlagen,Revenue,,,,,45,,,,,,,,,,
4560,Auflösung Rückstellungen für Gewährleistung,Auflösung Rückstellungen für Gewährleistung,Revenue,,,,,45,,,,,,,,,,
4561,Auflösung Rückstellungen für Prozesskosten,Auflösung Rückstellungen für Prozesskosten,Revenue,,,,,45,,,,,,,,,,
4562,Auflösung Rückstellungen für Garantien,Auflösung Rückstellungen für Garantien,Revenue,,,,,45,,,,,,,,,,
4563,Auflösung Rückstellungen f. noch nicht konsumierte Urlaube,Auflösung Rückstellungen f. noch nicht konsumierte Urlaube,Revenue,,,,,45,,,,,,,,,,
4564,Auflösung Rückstellungen für Jubiläumsgelder,Auflösung Rückstellungen für Jubiläumsgelder,Revenue,,,,,45,,,,,,,,,,
4565,Auflösung Rückstellungen für Produkthaftung,Auflösung Rückstellungen für Produkthaftung,Revenue,,,,,45,,,,,,,,,,
4566,Auflösung Rückstellungen für Zinsverluste,Auflösung Rückstellungen für Zinsverluste,Revenue,,,,,45,,,,,,,,,,
4567,Auflösung Rückstellungen für Kursrisken,Auflösung Rückstellungen für Kursrisken,Revenue,,,,,45,,,,,,,,,,
4568,Auflösung Rückstellungen für Abfertigungen,Auflösung Rückstellungen für Abfertigungen,Revenue,,,,,45,,,,,,,,,,
4569,Auflösung Rückstellungen für Pensionen,Auflösung Rückstellungen für Pensionen,Revenue,,,,,45,,,,,,,,,,
4580,Auflösung Rückstellungen für Boni und Rabatte,Auflösung Rückstellungen für Boni und Rabatte,Revenue,,,,,45,,,,,,,,,,
4600,Mieterlöse 10%,Mieterlöse 10%,Revenue,,,,,45,,,,,,,,,,
4601,Mieterlöse gewerblich 20%,Mieterlöse gewerblich 20%,Revenue,,,,,45,,,,,,,,,,
4602,Pachterlöse 20%,Pachterlöse 20%,Revenue,,,,,45,,,,,,,,,,
4605,Provisionserlöse Nicht-EU-Land (Drittland) 0 %,Provisionserlöse Nicht-EU-Land (Drittland) 0 %,Revenue,,,,,45,,,,,,,,,,
4606,Provisionserlöse Inland 20 %,Provisionserlöse Inland 20 %,Revenue,,,,,45,,,,,,,,,,
4607,Provisionserlöse innergemeinschaftliche Lieferung,Provisionserlöse innergemeinschaftliche Lieferung,Revenue,,,,,45,,,,,,,,,,
4608,Provisionserlöse nicht steuerbar (Leistungsort im Ausland),Provisionserlöse nicht steuerbar (Leistungsort im Ausland),Revenue,,,,,45,,,,,,,,,,
4610,Schadenersatz 20 %,Schadenersatz 20 %,Revenue,,,,,45,,,,,,,,,,
4611,Schadenersatz 10 %,Schadenersatz 10 %,Revenue,,,,,45,,,,,,,,,,
4612,Schadenersatz  0 %,Schadenersatz  0 %,Revenue,,,,,45,,,,,,,,,,
4620,Versicherungsvergütungen 0%,Versicherungsvergütungen 0%,Revenue,,,,,45,,,,,,,,,,
4625,Erhöhung aus Rückkaufswert v. Abfertigungsversicherungen,Erhöhung aus Rückkaufswert v. Abfertigungsversicherungen,Revenue,,,,,45,,,,,,,,,,
4630,Kursdifferenzen,Kursdifferenzen,Revenue,,,,,45,,,,,,,,,,
4640,Eingänge aus abgeschriebenen Forderungen 20 %,Eingänge aus abgeschriebenen Forderungen 20 %,Revenue,,,,,45,,,,,,,,,,
4641,Eingänge aus abgeschriebenen Forderungen 10 %,Eingänge aus abgeschriebenen Forderungen 10 %,Revenue,,,,,45,,,,,,,,,,
4642,Eingänge aus abgeschriebenen Forderungen 0 %,Eingänge aus abgeschriebenen Forderungen 0 %,Revenue,,,,,45,,,,,,,,,,
4650,Erträge aus verjährten Verbindlichkeiten,Erträge aus verjährten Verbindlichkeiten,Revenue,,,,,45,,,,,,,,,,
4655,Privatanteil KFZ,Privatanteil KFZ,Revenue,,,,,45,,,,,,,,,,
4656,sonstige Privatanteile 20 %,sonstige Privatanteile 20 %,Revenue,,,,,45,,,,,,,,,,
4657,sonstige Privatanteile 10 %,sonstige Privatanteile 10 %,Revenue,,,,,45,,,,,,,,,,
4658,sonstige Privatanteile  0 %,sonstige Privatanteile  0 %,Revenue,,,,,45,,,,,,,,,,
4660,Aufwandsersätze Weiterverrechnung BK,Aufwandsersätze Weiterverrechnung BK,Revenue,,,,,45,,,,,,,,,,
4670,Auflösung Wertberichtigung zu Forderungen,Auflösung Wertberichtigung zu Forderungen,Revenue,,,,,45,,,,,,,,,,
4680,Auflösung Wertberichtigung für Zinsverluste zu Forderungen,Auflösung Wertberichtigung für Zinsverluste zu Forderungen,Revenue,,,,,45,,,,,,,,,,
4690,Auflösung Wertberichtigung für Skontiaufwand zu Forderungen,Auflösung Wertberichtigung für Skontiaufwand zu Forderungen,Revenue,,,,,45,,,,,,,,,,
4700,Auflösung Wertberichtigung für dubiose Forderungen,Auflösung Wertberichtigung für dubiose Forderungen,Revenue,,,,,45,,,,,,,,,,
4750,sonstige Erträge 20%,sonstige Erträge 20%,Revenue,,Yes,,NOTINVOICEDREVENUE_ACCT,45,,,,,,,,,,
4751,sonstige Erträge 10%,sonstige Erträge 10%,Revenue,,,,,45,,,,,,,,,,
4752,sonstige Erträge 0%,sonstige Erträge 0%,Revenue,,,,,45,,,,,,,,,,
4755,Investitionszuwachsprämie,Investitionszuwachsprämie,Revenue,,,,,45,,,,,,,,,,
5,Materialaufwand,Materialaufwand,Expense,,,Yes,,,,,,,5,Materialaufwand,,,,
5000,Wareneinkauf Inland 20 %,Wareneinkauf Inland 20 %,Expense,,,,,5,,,,,,,,,,
5010,Wareneinkauf Inland 10 %,Wareneinkauf Inland 10 %,Expense,,,,,5,,,,,,,,,,
5015,Wareneinkauf Inland 0 %,Wareneinkauf Inland 0 %,Expense,,,,,5,,,,,,,,,,
5016,"Wareneinkauf Inland 12% (Weinumsätze, Landwirte)","Wareneinkauf Inland 12% (Weinumsätze, Landwirte)",Expense,,,,,5,,,,,,,,,,
5017,Wareneinkauf Inland 16% (Jungholz und Mittelberg),Wareneinkauf Inland 16% (Jungholz und Mittelberg),Expense,,,,,5,,,,,,,,,,
5020,Wareneinkauf Nicht-EU-Land (Drittland) 0 %,Wareneinkauf Nicht-EU-Land (Drittland) 0 %,Expense,,,,,5,,,,,,,,,,
5050,Wareneinkauf innergemeinschaftlicher Erwerb 20 %,Wareneinkauf innergemeinschaftlicher Erwerb 20 %,Expense,,,,,5,,,,,,,,,,
5060,Wareneinkauf innergemeinschaftlicher Erwerb 10 %,Wareneinkauf innergemeinschaftlicher Erwerb 10 %,Expense,,,,,5,,,,,,,,,,
5070,Wareneinkauf innergemeinschaftlicher Erwerb 16%,Wareneinkauf innergemeinschaftlicher Erwerb 16%,Expense,,,,,5,,,,,,,,,,
5100,Produkt Umsatzkosten (*),P_COGS_ACCT,Expense,,Yes,,P_COGS_ACCT,5,,,,,,,,,,
5101,Produkt Aufwand (*),P_EXPENSE_ACCT ,Expense,,Yes,,P_EXPENSE_ACCT,5,,,,,,,,,,
5102,Produkt Kostenanpassung (*),P_COSTADJUSTMENT,Expense,,Yes,,P_COSTADJUSTMENT_ACCT,5,,,,,,,,,,
5103,Einkaufsergebnis (Rechnung) (*),P_INVOICEPRICEVARIANCE_ACCT,Expense,,Yes,,P_INVOICEPRICEVARIANCE_ACCT,5,,,,,,,,,,
5104,Einkaufsergebnis (Bestellung) (*),,Expense,,,,P_PURCHASEPRICEVARIANCE_ACCT,5,,,,,,,,,,
5105,Einkaufsergebnis Offset (*),,Expense,,Yes,,PPVOFFSET_ACCT,5,,,,,,,,,,
5200,Hilfsstoffe,Hilfsstoffe,Expense,,,,,5,,,,,,,,,,
5300,Rohstoffe,Rohstoffe,Expense,,,,,5,,,,,,,,,,
5400,Bauleistungen 20% Par. 19 Abs. 1a UStG,Bauleistungen 20% Par. 19 Abs. 1a UStG,Expense,,,,,5,,,,,,,,,,
5500,Bonusvergütungen 20%,Bonusvergütungen 20%,Expense,,,,,5,,,,,,,,,,
5501,Bonusvergütungen 10%,Bonusvergütungen 10%,Expense,,,,,5,,,,,,,,,,
5502,Bonusvergütungen 0%,Bonusvergütungen 0%,Expense,,,,,5,,,,,,,,,,
5540,Skontoerträge Bauleistungen 20%,Skontoerträge Bauleistungen 20%,Expense,,,,,5,,,,,,,,,,
5600,Skontoerträge aus Materialaufwand 20%,Skontoerträge aus Materialaufwand 20%,Expense,,Yes,,PAYDISCOUNT_REV_ACCT,5,,,,,,,,,,
5601,Skontoerträge aus Materialaufwand 10%,Skontoerträge aus Materialaufwand 10%,Expense,,,,,5,,,,,,,,,,
5602,Skontoerträge aus Materialaufwand 0%,Skontoerträge aus Materialaufwand 0%,Expense,,,,,5,,,,,,,,,,
5650,Skontoerträge a. Materialaufwand innergem. Erwerb 20%,Skontoerträge a. Materialaufwand innergem. Erwerb 20%,Expense,,,,,5,,,,,,,,,,
5651,Skontoerträge a. Materialaufwand innergem. Erwerb 10 %,Skontoerträge a. Materialaufwand innergem. Erwerb 10 %,Expense,,,,,5,,,,,,,,,,
5700,Bezugskosten,Bezugskosten,Expense,,,,,5,,,,,,,,,,
5710,Verpackung,Verpackung,Expense,,,,,5,,,,,,,,,,
5800,Transportkosten,Transportkosten,Expense,,,,,5,,,,,,,,,,
5900,Fremdleistungen,Fremdleistungen,Expense,,,,,5,,,,,,,,,,
6,Personalaufwand,Personalaufwand,Expense,,,Yes,,,,,,,6,Personalaufwand,,,,
6000,Löhne,Löhne,Expense,,,,,6,,,,,,,,,,
6010,Nichtleistungslöhne,Nichtleistungslöhne,Expense,,,,,6,,,,,,,,,,
6100,Lehrlingsentschädigung,Lehrlingsentschädigung,Expense,,,,,6,,,,,,,,,,
6110,Aushilfslöhne,Aushilfslöhne,Expense,,,,,6,,,,,,,,,,
6120,Fahrtkostenzuschuss,Fahrtkostenzuschuss,Expense,,,,,6,,,,,,,,,,
6130,Arbeitskleidung,Arbeitskleidung,Expense,,,,,6,,,,,,,,,,
6150,Dot. Rückstellungen f. noch nicht konsumierte Urlaube,Dot. Rückstellungen f. noch nicht konsumierte Urlaube,Expense,,,,,6,,,,,,,,,,
6160,Dot. Rückstellungen für Jubiläumsgelder,Dot. Rückstellungen für Jubiläumsgelder,Expense,,,,,6,,,,,,,,,,
6190,EFZG Erträge,EFZG Erträge,Expense,,,,,6,,,,,,,,,,
6200,Gehälter,Gehälter,Expense,,,,,6,,,,,,,,,,
6210,Provisionen als Gehaltsbestandteil,Provisionen als Gehaltsbestandteil,Expense,,,,,6,,,,,,,,,,
6220,Fahrtkostenzuschuss,Fahrtkostenzuschuss,Expense,,,,,6,,,,,,,,,,
6230,Sachbezüge,Sachbezüge,Expense,,,,,6,,,,,,,,,,
6240,Arbeitskleidung,Arbeitskleidung,Expense,,,,,6,,,,,,,,,,
6250,Geschäftsführerhonorar,Geschäftsführerhonorar,Expense,,,,,6,,,,,,,,,,
6350,Dot. Rückstellungen f. noch nicht konsumierte Urlaube,Dot. Rückstellungen f. noch nicht konsumierte Urlaube,Expense,,,,,6,,,,,,,,,,
6360,Dot. Rückstellungen für Jubiläumsgelder,Dot. Rückstellungen für Jubiläumsgelder,Expense,,,,,6,,,,,,,,,,
6370,Dot. anteiliges Urlaubs- und Weihnachtsgeld,Dot. anteiliges Urlaubs- und Weihnachtsgeld,Expense,,,,,6,,,,,,,,,,
6400,Abfertigungsaufwand,Abfertigungsaufwand,Expense,,,,,6,,,,,,,,,,
6440,Dot. Rückstellungen für Abfertigungen,Dot. Rückstellungen für Abfertigungen,Expense,,,,,6,,,,,,,,,,
6450,Pensionsaufwand,Pensionsaufwand,Expense,,,,,6,,,,,,,,,,
6470,Dot. Rückstellungen für Pensionen,Dot. Rückstellungen für Pensionen,Expense,,,,,6,,,,,,,,,,
6500,gesetzlicher Sozialaufwand,gesetzlicher Sozialaufwand,Expense,,,,,6,,,,,,,,,,
6505,MVK-Beitrag (Mitarbeitervorsorgekasse),MVK-Beitrag (Mitarbeitervorsorgekasse),Expense,,,,,6,,,,,,,,,,
6510,Pflichtversicherung,Pflichtversicherung,Expense,,,,,6,,,,,,,,,,
6600,Lohnsteuer,Lohnsteuer,Expense,,,,,6,,,,,,,,,,
6601,Dienstgeberbeitrag (DB),Dienstgeberbeitrag (DB),Expense,,,,,6,,,,,,,,,,
6602,Zuschlag zum DB ( = DZ),Zuschlag zum DB ( = DZ),Expense,,,,,6,,,,,,,,,,
6603,Kommunalsteuer,Kommunalsteuer,Expense,,,,,6,,,,,,,,,,
6604,Dienstgeberabgabe (DGA),Dienstgeberabgabe (DGA),Expense,,,,,6,,,,,,,,,,
6610,Ausgleichstaxe,Ausgleichstaxe,Expense,,,,,6,,,,,,,,,,
6700,freiwilliger Sozialaufwand,freiwilliger Sozialaufwand,Expense,,,,,6,,,,,,,,,,
7,Abschreibungen und Sonstiges,Abschreibungen und Sonstiges,Expense,,,Yes,,,,,,,,,,,,
70,Abschreibungen,Abschreibungen,Expense,,,Yes,,7,,,,,70,Abschreibungen,,,,
7000,Abschreibungen f. Ingangsetzen u. Erweitern eines Betriebes,Abschreibungen f. Ingangsetzen u. Erweitern eines Betriebes,Expense,,,,,70,,,,,,,,,,
7010,AfA Par. 7 EStG,AfA Par. 7 EStG,Expense,,,,,70,,,,,,,,,,
7020,AfA Par. 13 EStG (geringwertige Wirtschaftsgüter),AfA Par. 13 EStG (geringwertige Wirtschaftsgüter),Expense,,,,,70,,,,,,,,,,
7060,Abschreibungen a. d. Umlaufvermögen,Abschreibungen a. d. Umlaufvermögen,Expense,,,,,70,,,,,,,,,,
71,sonstige betriebliche Aufwendungen,sonstige betriebliche Aufwendungen,Expense,,,Yes,,7,,,,,71,sonstige betriebliche Aufwendungen,,,,
7100,Getränkesteuer,Getränkesteuer,Expense,,,,,71,,,,,,,,,,
7101,Grundsteuer,Grundsteuer,Expense,,,,,71,,,,,,,,,,
7102,Vergnügungsteuer,Vergnügungsteuer,Expense,,,,,71,,,,,,,,,,
7103,Alkoholsteuer,Alkoholsteuer,Expense,,,,,71,,,,,,,,,,
7104,KFZ-Steuer,KFZ-Steuer,Expense,,,,,71,,,,,,,,,,
7105,Gebühren nach Gebührengesetz,Gebühren nach Gebührengesetz,Expense,,,,,71,,,,,,,,,,
7106,Kurtaxe,Kurtaxe,Expense,,,,,71,,,,,,,,,,
7107,Kammerumlage (KU 1),Kammerumlage (KU 1),Expense,,,,,71,,,,,,,,,,
7110,Gesellschaftsteuer,Gesellschaftsteuer,Expense,,,,,71,,,,,,,,,,
7180,T_CREDIT _ACCT,Steueraufwand,Expense,,Yes,,T_CREDIT_ACCT,71,,,,,,,,,,
7190,Steuern Vorperioden,Steuern Vorperioden,Expense,,,,,71,,,,,,,,,,
7200,Instandhaltung Gebäude,Instandhaltung Gebäude,Expense,,,,,71,,,,,,,,,,
7201,Instandhaltung Betriebs- und Geschäftsausstattung,Instandhaltung Betriebs- und Geschäftsausstattung,Expense,,,,,71,,,,,,,,,,
7202,Instandhaltung technische Anlagen und Maschinen,Instandhaltung technische Anlagen und Maschinen,Expense,,,,,71,,,,,,,,,,
7203,Instandhaltung Werkzeuge,Instandhaltung Werkzeuge,Expense,,,,,71,,,,,,,,,,
7210,Instandhaltung PKW,Instandhaltung PKW,Expense,,,,,71,,,,,,,,,,
7220,Treibstoffe PKW,Treibstoffe PKW,Expense,,,,,71,,,,,,,,,,
7230,Leasing PKW,Leasing PKW,Expense,,,,,71,,,,,,,,,,
7240,Instandhaltung LKW,Instandhaltung LKW,Expense,,,,,71,,,,,,,,,,
7250,Treibstoffe LKW,Treibstoffe LKW,Expense,,,,,71,,,,,,,,,,
7260,Leasing LKW,Leasing LKW,Expense,,,,,71,,,,,,,,,,
7270,Versicherungen Fuhrpark,Versicherungen Fuhrpark,Expense,,,,,71,,,,,,,,,,
7280,Betriebsversicherungen,Betriebsversicherungen,Expense,,,,,71,,,,,,,,,,
7285,Abfertigungsversicherungen,Abfertigungsversicherungen,Expense,,,,,71,,,,,,,,,,
7300,Reinigungsaufwand,Reinigungsaufwand,Expense,,,,,71,,,,,,,,,,
7310,Energieaufwand,Energieaufwand,Expense,,,,,71,,,,,,,,,,
7320,Heizmaterial,Heizmaterial,Expense,,,,,71,,,,,,,,,,
7330,Transportkosten,Transportkosten,Expense,,,,,71,,,,,,,,,,
7350,Reiseaufwand,Reiseaufwand,Expense,,,,,71,,,,,,,,,,
7351,Reiseaufwand Mitarbeiter (*),Reiseaufwand Mitarbeiter,Expense,,Yes,,E_EXPENSE_ACCT,71,,,,,,,,,,
7355,Diäten (Tages- und Nächtigungsgelder),Diäten (Tages- und Nächtigungsgelder),Expense,,,,,71,,,,,,,,,,
7360,KM-Gelder,KM-Gelder,Expense,,,,,71,,,,,,,,,,
7365,Fahrtspesen,Fahrtspesen,Expense,,,,,71,,,,,,,,,,
7370,Portokosten,Portokosten,Expense,,,,,71,,,,,,,,,,
7380,Telefonkosten,Telefonkosten,Expense,,,,,71,,,,,,,,,,
7390,Miete Telefon,Miete Telefon,Expense,,,,,71,,,,,,,,,,
7400,Miete,Miete,Expense,,,,,71,,,,,,,,,,
7410,diverse Mieten,diverse Mieten,Expense,,,,,71,,,,,,,,,,
7420,Pacht,Pacht,Expense,,,,,71,,,,,,,,,,
7430,Leasing (z.B. Computer),Leasing (z.B. Computer),Expense,,,,,71,,,,,,,,,,
7440,Personalleasing,Personalleasing,Expense,,,,,71,,,,,,,,,,
7450,Personalsuche,Personalsuche,Expense,,,,,71,,,,,,,,,,
7460,Leibrente,Leibrente,Expense,,,,,71,,,,,,,,,,
7470,Lizenzgebühren,Lizenzgebühren,Expense,,,,,71,,,,,,,,,,
7480,Provisionen,Provisionen,Expense,,,,,71,,,,,,,,,,
7481,Kreditkartenprovisionen,Kreditkartenprovisionen,Expense,,,,,71,,,,,,,,,,
7550,sonstige Leistungen reverse charge system"""",sonstige Leistungen reverse charge system"""",Expense,,,,,71,,,,,,,,,,
7560,sonstiger Aufwand (IG Erwerb 20%),sonstiger Aufwand (IG Erwerb 20%),Expense,,,,,71,,,,,,,,,,
7570,sonstiger Aufwand (IG Erwerb 10%),sonstiger Aufwand (IG Erwerb 10%),Expense,,,,,71,,,,,,,,,,
7600,Büromaterial,Büromaterial,Expense,,,,,71,,,,,,,,,,
7610,Druckkosten,Druckkosten,Expense,,,,,71,,,,,,,,,,
7620,Fachliteratur,Fachliteratur,Expense,,,,,71,,,,,,,,,,
7630,Betriebsapotheke,Betriebsapotheke,Expense,,,,,71,,,,,,,,,,
7640,Dekoration,Dekoration,Expense,,,,,71,,,,,,,,,,
7650,Werbeaufwand,Werbeaufwand,Expense,,,,,71,,,,,,,,,,
7655,werbeähnlicher Aufwand,werbeähnlicher Aufwand,Expense,,,,,71,,,,,,,,,,
7660,Messekosten,Messekosten,Expense,,,,,71,,,,,,,,,,
7670,Ausstellungen,Ausstellungen,Expense,,,,,71,,,,,,,,,,
7680,Repräsentation (nicht abzugsfähig),Repräsentation (nicht abzugsfähig),Expense,,,,,71,,,,,,,,,,
7690,"nicht abzugsfähiger Aufwand (Spenden,..)","nicht abzugsfähiger Aufwand (Spenden,..)",Expense,,,,,71,,,,,,,,,,
7700,Steuerberatungskosten,Steuerberatungskosten,Expense,,,,,71,,,,,,,,,,
7710,Rechtsberatungskosten,Rechtsberatungskosten,Expense,,,,,71,,,,,,,,,,
7720,Prüfungskosten,Prüfungskosten,Expense,,,,,71,,,,,,,,,,
7730,Honorare,Honorare,Expense,,,,,71,,,,,,,,,,
7740,Ausbildungskosten,Ausbildungskosten,Expense,,,,,71,,,,,,,,,,
7750,Fortbildung,Fortbildung,Expense,,,,,71,,,,,,,,,,
7760,Mitgliedsbeiträge,Mitgliedsbeiträge,Expense,,,,,71,,,,,,,,,,
7770,"Gebühren und Abgaben (Müll, Kanal)","Gebühren und Abgaben (Müll, Kanal)",Expense,,,,,71,,,,,,,,,,
7780,Kursdifferenzen,Kursdifferenzen,Expense,,,,,71,,,,,,,,,,
7782,Centausgleich,Centausgleich,Expense,,,,,71,,,,,,,,,,
7790,Spesen des Geldverkehrs,Spesen des Geldverkehrs,Expense,,Yes,,B_EXPENSE_ACCT,71,,,,,,,,,,
7800,Schadensfälle 20 %,Schadensfälle 20 %,Expense,,,,,71,,,,,,,,,,
7810,Schadensfälle 10 %,Schadensfälle 10 %,Expense,,,,,71,,,,,,,,,,
7820,Schadensfälle  0 %,Schadensfälle  0 %,Expense,,,,,71,,,,,,,,,,
7830,Forderungsverluste 20 %,Forderungsverluste 20 %,Expense,,Yes,,WRITEOFF_ACCT,71,,,,,,,,,,
7831,Forderungsverluste 10 %,Forderungsverluste 10 %,Expense,,,,,71,,,,,,,,,,
7832,Forderungsverluste  0 %,Forderungsverluste  0 %,Expense,,,,,71,,,,,,,,,,
7835,Forderungsverluste innergemeinschaftliche Lieferung,Forderungsverluste innergemeinschaftliche Lieferung,Expense,,,,,71,,,,,,,,,,
7840,Buchwert abgegangener Anlagen,Buchwert abgegangener Anlagen,Expense,,,,,71,,,,,,,,,,
7850,Dot. Rückstellungen für Gewährleistung,Dot. Rückstellungen für Gewährleistung,Expense,,,,,71,,,,,,,,,,
7851,Dot. Rückstellungen für Prozesskosten,Dot. Rückstellungen für Prozesskosten,Expense,,,,,71,,,,,,,,,,
7852,Dot. Rückstellungen für Garantie,Dot. Rückstellungen für Garantie,Expense,,,,,71,,,,,,,,,,
7855,Dot. Rückstellungen für Produkthaftung,Dot. Rückstellungen für Produkthaftung,Expense,,,,,71,,,,,,,,,,
7857,Dot. Rückstellungen für Kursrisiko,Dot. Rückstellungen für Kursrisiko,Expense,,,,,71,,,,,,,,,,
7858,Dot. Wertberichtigung zu Forderungen,Dot. Wertberichtigung zu Forderungen,Expense,,,,,71,,,,,,,,,,
7859,Dot. Wertberichtigung für Zinsverluste zu Forderungen,Dot. Wertberichtigung für Zinsverluste zu Forderungen,Expense,,,,,71,,,,,,,,,,
7860,Dot. Wertberichtigung für dubiose Forderungen,Dot. Wertberichtigung für dubiose Forderungen,Expense,,,,,71,,,,,,,,,,
7870,Default Konto (*),Default Konto,Expense,,Yes,,DEFAULT_ACCT,71,,,,,,,,,,
7871,Zwischen - Ausgleichskonto (*),Zwischen - Ausgleichskonto (*),Expense,,Yes,,SUSPENSEBALANCING_ACCT,71,,,,,,,,,,
7872,Suspense Error (*),Suspense Error,Expense,,Yes,,SUSPENSEERROR_ACCT,71,,,,,,,,,,
7875,Kasse Ertrag (*),Kasse Ertrag,Revenue,,Yes,,CB_RECEIPT_ACCT,71,,,,,,,,,,
7876,Kasse Aufwand (*),Kasse Aufwand,Expense,,Yes,,CB_EXPENSE_ACCT,71,,,,,,,,,,
7877,Kassa Differenz (*),Kassa Differenz,Expense,,Yes,,CB_DIFFERENCES_ACCT,71,,,,,,,,,,
7880,sonstige Aufwände (*),sonstige Aufwände,Expense,,Yes,,CH_EXPENSE_ACCT,71,,,,,,,,,,
7881,sonstige Erträge (*),sonstige Erträge,Revenue,,Yes,,CH_REVENUE_ACCT,71,,,,,,,,,,
7882,RETAINEDEARNING_ACCT,RETAINEDEARNING_ACCT,Expense,,Yes,,RETAINEDEARNING_ACCT,71,,,,,,,,,,
7883,UNEARNEDREVENUE_ACCT,UNEARNEDREVENUE_ACCT,Revenue,,Yes,,UNEARNEDREVENUE_ACCT,71,,,,,,,,,,
7890,Skontoerträge aus übrigen Aufwendungen,Skontoerträge aus übrigen Aufwendungen,Expense,,,,,71,,,,,,,,,,
8,Finanzerträge und Aufwendungen - Sonstige Erträge und Aufwendungen,Finanzerträge und Aufwendungen - Sonstige Erträge und Aufwendungen,,,,Yes,,,,,,,,,,,,
8000,Erträge aus Beteiligungen,Erträge aus Beteiligungen,Revenue,,,,,8,,,,,,,,,,
8005,Erträge aus Beteiligungen v. verbundenen Unternehmen,Erträge aus Beteiligungen v. verbundenen Unternehmen,Revenue,,,,,8,,,,,,,,,,
8010,Erlöse aus dem Abgang von Beteiligungen,Erlöse aus dem Abgang von Beteiligungen,Revenue,,,,,8,,,,,,,,,,
8015,Erlöse a. d. Abgang v. Beteiligungen v. verbund. Untern.,Erlöse a. d. Abgang v. Beteiligungen v. verbund. Untern.,Revenue,,,,,8,,,,,,,,,,
8020,Gewinnübernahme aus Organschaft,Gewinnübernahme aus Organschaft,Revenue,,,,,8,,,,,,,,,,
8050,Wertpapiererträge,Wertpapiererträge,Revenue,,,,,8,,,,,,,,,,
8060,Kursgewinne aus Wertpapieren,Kursgewinne aus Wertpapieren,Revenue,,,,,8,,,,,,,,,,
8065,Zinserträge von Ausleihungen,Zinserträge von Ausleihungen,Revenue,,,,,8,,,,,,,,,,
8070,Bankzinsen,Bankzinsen,Revenue,,Yes,,B_INTERESTREV_ACCT,8,,,,,,,,,,
8080,Zinsen von verbundenen Unternehmen,Zinsen von verbundenen Unternehmen,Revenue,,,,,8,,,,,,,,,,
8090,Zinsen v. Unternehmen m. denen Beteiligungsverhältnis best.,Zinsen v. Unternehmen m. denen Beteiligungsverhältnis best.,Revenue,,,,,8,,,,,,,,,,
8100,Darlehenszinsen,Darlehenszinsen,Revenue,,,,,8,,,,,,,,,,
8110,Darlehenszinsen von verbundenen Unternehmen,Darlehenszinsen von verbundenen Unternehmen,Revenue,,,,,8,,,,,,,,,,
8115,Darlehenszinsen v. Untern. m. denen Beteiligungsverh. best.,Darlehenszinsen v. Untern. m. denen Beteiligungsverh. best.,Revenue,,,,,8,,,,,,,,,,
8120,Zinsenzuschüsse,Zinsenzuschüsse,Revenue,,,,,8,,,,,,,,,,
8150,Erlöse aus dem Abgang von Finanzanlagen,Erlöse aus dem Abgang von Finanzanlagen,Revenue,,,,,8,,,,,,,,,,
8155,Erlöse a. d. Abgang v. Wertpapieren d. Umlaufverm.,Erlöse a. d. Abgang v. Wertpapieren d. Umlaufverm.,Revenue,,,,,8,,,,,,,,,,
8160,Erlöse aus der Zuschreibung zu Finanzanlagen,Erlöse aus der Zuschreibung zu Finanzanlagen,Revenue,,,,,8,,,,,,,,,,
8165,Erlöse a. d. Zuschreibung z. Wertpapieren d. Umlaufverm.,Erlöse a. d. Zuschreibung z. Wertpapieren d. Umlaufverm.,Revenue,,,,,8,,,,,,,,,,
8170,Buchwert ausgeschiedener Finanzanlagen,Buchwert ausgeschiedener Finanzanlagen,Revenue,,,,,8,,,,,,,,,,
8190,Abschreibung Wertpapiere d. Anlage- od. Umlaufverm.,Abschreibung Wertpapiere d. Anlage- od. Umlaufverm.,Revenue,,,,,8,,,,,,,,,,
8200,Veräußerungsverlust Wertpapiere,Veräußerungsverlust Wertpapiere,Expense,,,,,8,,,,,,,,,,
8210,Veräußerungsverluste,Veräußerungsverluste,Expense,,,,,8,,,,,,,,,,
8220,Beteiligungsabschreibungen,Beteiligungsabschreibungen,Expense,,,,,8,,,,,,,,,,
8250,Verlustübernahme aus Organschaft,Verlustübernahme aus Organschaft,Expense,,,,,8,,,,,,,,,,
8255,Zuschüsse zur Verlustabdeckung,Zuschüsse zur Verlustabdeckung,Expense,,,,,8,,,,,,,,,,
8260,Verlustanteile aus Personengesellschaften,Verlustanteile aus Personengesellschaften,Expense,,,,,8,,,,,,,,,,
8265,Beteiligungsabschreibung verbundene Untern.,Beteiligungsabschreibung verbundene Untern.,Expense,,,,,8,,,,,,,,,,
8270,Veräußerungsverluste verbundene Unternehmen,Veräußerungsverluste verbundene Unternehmen,Expense,,,,,8,,,,,,,,,,
8280,Bankzinsen,Bankzinsen,Expense,,,,B_INTERESTEXP_ACCT,8,,,,,,,,,,
8281,Zinsen an verbundene Unternehmen,Zinsen an verbundene Unternehmen,Expense,,,,,8,,,,,,,,,,
8282,Zinsen an Untern. m. denen Beteiligungsverhältnis besteht,Zinsen an Untern. m. denen Beteiligungsverhältnis besteht,Expense,,,,,8,,,,,,,,,,
8290,Verzugszinsen,Verzugszinsen,Expense,,,,,8,,,,,,,,,,
8291,Verzugszinsen an verbundene Unternehmen,Verzugszinsen an verbundene Unternehmen,Expense,,,,,8,,,,,,,,,,
8292,Verzugszinsen an Untern. m. denen Beteiligungsverh. best.,Verzugszinsen an Untern. m. denen Beteiligungsverh. best.,Expense,,,,,8,,,,,,,,,,
8300,Wechselzinsen,Wechselzinsen,Expense,,,,,8,,,,,,,,,,
8301,Wechselzinsen an verbundene Unternehmen,Wechselzinsen an verbundene Unternehmen,Expense,,,,,8,,,,,,,,,,
8302,Wechselzinsen an Untern. m. denen Beteiligungsverh. best.,Wechselzinsen an Untern. m. denen Beteiligungsverh. best.,Expense,,,,,8,,,,,,,,,,
8310,Darlehenszinsen,Darlehenszinsen,Expense,,,,,8,,,,,,,,,,
8311,Darlehenszinsen an verbundene Unternehmen,Darlehenszinsen an verbundene Unternehmen,Expense,,,,,8,,,,,,,,,,
8312,Darlehenszinsen an Untern. m. denen Beteiligungsverh. best.,Darlehenszinsen an Untern. m. denen Beteiligungsverh. best.,Expense,,,,,8,,,,,,,,,,
8320,Hypothekarzinsen,Hypothekarzinsen,Expense,,,,,8,,,,,,,,,,
8330,Kreditbeschaffungskosten,Kreditbeschaffungskosten,Expense,,,,,8,,,,,,,,,,
8340,Überziehungsprovision,Überziehungsprovision,Expense,,,,,8,,,,,,,,,,
8350,Zessionsgebühr,Zessionsgebühr,Expense,,,,,8,,,,,,,,,,
8390,Dot. Rückstellungen für Zinsverluste,Dot. Rückstellungen für Zinsverluste,Expense,,,,,8,,,,,,,,,,
8400,außerordentliche Erträge,außerordentliche Erträge,Revenue,,,,,8,,,,,,,,,,
8450,außerordentliche Aufwendungen,außerordentliche Aufwendungen,Expense,,,,,8,,,,,,,,,,
8500,Körperschaftsteuer,Körperschaftsteuer,Revenue,,,,,8,,,,,,,,,,
8501,Kapitalertragsteuer,Kapitalertragsteuer,Revenue,,,,,8,,,,,,,,,,
8550,Steuern Vorperioden (KÖSt Aufwand),Steuern Vorperioden (KÖSt Aufwand),Revenue,,,,,8,,,,,,,,,,
8551,Steuern Vorperioden (KÖSt Ertrag),Steuern Vorperioden (KÖSt Ertrag),Revenue,,,,,8,,,,,,,,,,
8552,Steuern Vorperioden (GWSt Aufwand),Steuern Vorperioden (GWSt Aufwand),Revenue,,,,,8,,,,,,,,,,
8553,Steuern Vorperioden (GWSt Ertrag),Steuern Vorperioden (GWSt Ertrag),Revenue,,,,,8,,,,,,,,,,
8649,Auflösung Investitionsfreibetrag 1996,Auflösung Investitionsfreibetrag 1996,Revenue,,,,,8,,,,,,,,,,
8650,Auflösung Investitionsfreibetrag 1997,Auflösung Investitionsfreibetrag 1997,Revenue,,,,,8,,,,,,,,,,
8651,Auflösung Investitionsfreibetrag 1998,Auflösung Investitionsfreibetrag 1998,Revenue,,,,,8,,,,,,,,,,
8652,Auflösung Investitionsfreibetrag 1999,Auflösung Investitionsfreibetrag 1999,Revenue,,,,,8,,,,,,,,,,
8653,Auflösung Investitionsfreibetrag 2000,Auflösung Investitionsfreibetrag 2000,Revenue,,,,,8,,,,,,,,,,
8670,Auflösung Bewertungsreserve,Auflösung Bewertungsreserve,Revenue,,,,,8,,,,,,,,,,
8680,Auflösung Rücklage Par. 12 EStG,Auflösung Rücklage Par. 12 EStG,Revenue,,,,,8,,,,,,,,,,
8690,Auflösung Mietzinsrücklage,Auflösung Mietzinsrücklage,Revenue,,,,,8,,,,,,,,,,
8695,Auflösung Wertberichtigung zu Exportforderungen,Auflösung Wertberichtigung zu Exportforderungen,Revenue,,,,,8,,,,,,,,,,
8700,Auflösung von Kapitalrücklagen,Auflösung von Kapitalrücklagen,Revenue,,,,,8,,,,,,,,,,
8750,Auflösung von Gewinnrücklagen,Auflösung von Gewinnrücklagen,Revenue,,,,,8,,,,,,,,,,
8840,Dot. Ersatzbeschaffungsrücklage,Dot. Ersatzbeschaffungsrücklage,Revenue,,,,,8,,,,,,,,,,
8900,Dot. Gewinnrücklage,Dot. Gewinnrücklage,Revenue,,,,,8,,,,,,,,,,
8998,Jahresgewinn,Jahresgewinn,Revenue,,,,,8,,,,,,,,,,
8999,Jahresverlust,Jahresverlust,Revenue,,,,,8,,,,,,,,,,
9,Eigenkapital &  Abschluss,Eigenkapital &  Abschluss,,,,Yes,,,No,Yes,,,,,,,,
9000,Stammkapital,Stammkapital,Revenue,,,,,9,,,,,,,,,,
9010,Eigenkapital,Eigenkapital,Revenue,,,,,9,,,,,,,,,,
9100,ausstehende Einlagen,ausstehende Einlagen,Revenue,,,,,9,,,,,,,,,,
9150,Privatkonto,Privatkonto,Revenue,,,,,9,,,,,,,,,,
9200,gebundene Kapitalrücklage,gebundene Kapitalrücklage,Revenue,,,,,9,,,,,,,,,,
9250,nicht gebundene Kapitalrücklage,nicht gebundene Kapitalrücklage,Revenue,,,,,9,,,,,,,,,,
9300,gesetzliche Gewinnrücklage,gesetzliche Gewinnrücklage,Revenue,,,,,9,,,,,,,,,,
9305,satzungsmäßige Gewinnrücklage,satzungsmäßige Gewinnrücklage,Revenue,,,,,9,,,,,,,,,,
9310,freie Gewinnrücklage,freie Gewinnrücklage,Revenue,,,,,9,,,,,,,,,,
9500,Bewertungsreserve,Bewertungsreserve,Revenue,,,,,9,,,,,,,,,,
9505,Bewertungsreserve in Folge vorzeitiger AfA,Bewertungsreserve in Folge vorzeitiger AfA,Revenue,,,,,9,,,,,,,,,,
9510,Bewertungsreserve in Folge Rücklage gemäß Par. 12 EStG,Bewertungsreserve in Folge Rücklage gemäß Par. 12 EStG,Revenue,,,,,9,,,,,,,,,,
9515,Bewertungsreserve i. F. Abschreibungen zu Auslandsbeteilig.,Bewertungsreserve i. F. Abschreibungen zu Auslandsbeteilig.,Revenue,,,,,9,,,,,,,,,,
9609,Investitionsfreibetrag 1996,Investitionsfreibetrag 1996,Revenue,,,,,9,,,,,,,,,,
9610,Investitionsfreibetrag 1997,Investitionsfreibetrag 1997,Revenue,,,,,9,,,,,,,,,,
9611,Investitionsfreibetrag 1998,Investitionsfreibetrag 1998,Revenue,,,,,9,,,,,,,,,,
9612,Investitionsfreibetrag 1999,Investitionsfreibetrag 1999,Revenue,,,,,9,,,,,,,,,,
9613,Investitionsfreibetrag 2000,Investitionsfreibetrag 2000,Revenue,,,,,9,,,,,,,,,,
9620,Rücklage gemäß Par. 12 EStG,Rücklage gemäß Par. 12 EStG,Revenue,,,,,9,,,,,,,,,,
9630,Wertberichtigung zu Exportforderungen,Wertberichtigung zu Exportforderungen,Revenue,,,,,9,,,,,,,,,,
9640,Mietzinsrücklage,Mietzinsrücklage,Revenue,,,,,9,,,,,,,,,,
9800,EB-Konto,EB-Konto,Revenue,,,,,9,,,,,,,,,,
9810,Warenlager Minderung (*),Warenlager Minderung,Expense,,Yes,,W_DIFFERENCES_ACCT,9,,,,,,,,,,
9811,Warenlager Neubewertung (*),Warenlager Neubewertung,Expense,,Yes,,W_REVALUATION_ACCT,9,,,,,,,,,,
9812,Warenlager Korrektur (*),Warenlager Korrektur (*),Expense,,Yes,,W_INVACTUALADJUST_ACCT,9,,,,,,,,,,
9813,Währungsausgleich (*),Währungsausgleich,Expense,,Yes,,CURRENCYBALANCING_ACCT,9,,,,,,,,,,
9830,PJ_ASSET_ACCT,PJ_ASSET_ACCT,Expense,,Yes,,PJ_ASSET_ACCT,9,,,,,,,,,,
9831,PJ_WIP_ACCT,PJ_WIP_ACCT,Expense,,Yes,,PJ_WIP_ACCT,9,,,,,,,,,,
9850,Bank Wertberichtigung Ertrag (*),Bank Wertberichtigung Ertrag,Revenue,,Yes,,B_REVALUATIONGAIN_ACCT,9,,,,,,,,,,
9851,Bank Bezahlung Ertrag (Settlement Gain),Bank Bezahlung Ertrag (Settlement Gain),Revenue,,Yes,,B_SETTLEMENTGAIN_ACCT,9,,,,,,,,,,
9852,Nicht realisierter Währungsgewinn (*),Difference between foreign currency receivables/payables and current rate,Revenue,,Yes,,UNREALIZEDGAIN_ACCT,9,,,,,,,,,,
9853,realisierter Währungsgewinn (*),realisierter Währungsgewinn,Revenue,,Yes,,REALIZEDGAIN_ACCT,9,,,,,,,,,,
9860,Bank Wertberichtgung Verlust (*),Bank Wertberichtgung Verlust,Expense,,Yes,,B_REVALUATIONLOSS_ACCT,9,,,,,,,,,,
9861,Bank Bezahlung Verlust (Settlement Loss) (*),Bank Bezahlung Verlust (Settlement Loss),Expense,,Yes,,B_SETTLEMENTLOSS_ACCT,9,,,,,,,,,,
9862,Nicht realisierter Währungsverlust (*),Nicht realisierter Währungsverlust,Expense,,Yes,,UNREALIZEDLOSS_ACCT,9,,,,,,,,,,
9863,realisierter Währungsverlust (*),realisierter Währungsverlust,Expense,,Yes,,REALIZEDLOSS_ACCT,9,,,,,,,,,,
9890,Gewinnvortrag,Gewinnvortrag,Revenue,,,,,9,,,,,,,,,,
9891,Verlustvortrag,Verlustvortrag,Revenue,,,,,9,,,,,,,,,,
9895,Jahresgewinn,Jahresgewinn,Revenue,,,,,9,,,,,,,,,,
9896,Jahresverlust,Jahresverlust,Revenue,,,,,9,,,,,,,,,,
9900,INCOMESUMMARY_ACCT,INCOMESUMMARY_ACCT,Memo,,Yes,,INCOMESUMMARY_ACCT,9,,,,,,,,,,
9910,PO Commitment,,Memo,,Yes,,COMMITMENTOFFSET_ACCT,9,,,,,,,,,,
9920,"SO Commitment",,"Memo",,,"No","COMMITMENTOFFSETSALES_ACCT",9,,,,,,,,,,
9921,"Work In Process",,"Memo",,,"No","P_WIP_ACCT",9,,,,,,,,,,
9922,"Method Change Variance",,"Memo",,,"No","P_METHODCHANGEVARIANCE_ACCT",9,,,,,,,,,,
9923,"Using Variance",,"Memo",,,"No","P_USAGEVARIANCE_ACCT",9,,,,,,,,,,
9924,"Rate Variance",,"Memo",,,"No","P_RATEVARIANCE_ACCT",9,,,,,,,,,,
9925,"Mix Variance",,"Memo",,,"No","P_MIXVARIANCE_ACCT",9,,,,,,,,,,
9926,"Floor Stock",,"Memo",,,"No","P_FLOORSTOCK_ACCT",9,,,,,,,,,,
9927,"Cost Of Production",,"Memo",,,"No","P_COSTOFPRODUCTION_ACCT",9,,,,,,,,,,
9928,"Labor Absorbed account",,"Memo",,,"No","P_LABOR_ACCT",9,,,,,,,,,,
9929,"Burden Absorbed account",,"Memo",,,"No","P_BURDEN_ACCT",9,,,,,,,,,,
9930,"Outside Processing (Subcontract)",,"Memo",,,"No","P_OUTSIDEPROCESSING_ACCT",9,,,,,,,,,,
9931,"Overhead Applied account",,"Memo",,,"No","P_OVERHEAD_ACCT",9,,,,,,,,,,
9932,"Scrap Account",,"Memo",,,"No","P_SCRAP_ACCT",9,,,,,,,,,,