"[Account_Value]","[Account_Name]","[Account_Description]","[Account_Type]","[Account_Sign]","[Account_Document]","[Account_Summary]","[Default_Account]","[Account_Parent]","[Balance Sheet]","[Balance Sheet_Name]","[US 1120 Balance Sheet]","US 1120 Balance Sheet_Name","[Profit & Loss]","[Profit & Loss_Name]","[US 1120 Income Statement]","[US 1120 Income Statement_Name]","[Cash Flow]","[Cash Flow_Name]"
1,"FINANCIACION BASICA","FINANCIACION BASICA",,,,"Yes",,,,,,,,,,,,
10,"CAPITAL","CAPITAL",,,,"Yes",,1,,,,,,,,,,
100,"Capital social","Capital social",,,,"No",,10,,,,,,,,,,
101,"Fondo social","Fondo social",,,,"No",,10,,,,,,,,,,
102,"Capital","Capital",,,,"No",,10,,,,,,,,,,
11,"RESERVAS","RESERVAS",,,,"Yes",,1,,,,,,,,,,
110,"Prima de emisión de acciones","Prima de emisión de acciones",,,,"No",,11,,,,,,,,,,
111,"Reservas de revalorización","Reservas de revalorización",,,,"No",,11,,,,,,,,,,
112,"Reserva legal","Reserva legal",,,,"No",,11,,,,,,,,,,
113,"Reservas especiales","Reservas especiales",,,,"No",,11,,,,,,,,,,
114,"Reservas para acciones de la sociedad dominante","Reservas para acciones de la sociedad dominante",,,,"No",,11,,,,,,,,,,
115,"Reservas para acciones propias","Reservas para acciones propias",,,,"No",,11,,,,,,,,,,
116,"Reservas estatutarias","Reservas estatutarias",,,,"No",,11,,,,,,,,,,
117,"Reservas voluntarias","Reservas voluntarias",,,,"No",,11,,,,,,,,,,
118,"Reserva por capital amortizado","Reserva por capital amortizado",,,,"No",,11,,,,,,,,,,
12,"RESULTADOS PENDIENTES DE APLICACION","RESULTADOS PENDIENTES DE APLICACION",,,,"Yes",,1,,,,,,,,,,
120,"Remanente","Remanente","Asset",,"Yes","No","B_INTRANSIT_ACCT",12,,,,,,,,,,
121,"Resultados negativos de ejercicios anteriores","Resultados negativos de ejercicios anteriores",,,,"No",,12,,,,,,,,,,
122,"Aportaciones de socios para compensación de pérdidas","Aportaciones de socios para compensación de pérdidas",,,,"No",,12,,,,,,,,,,
129,"Pérdidas y ganancias","Pérdidas y ganancias","Expense",,"Yes","No","DEFAULT_ACCT",12,,,,,,,,,,
12001,"Comprovación pagos no asociados a proveedor","Comprovación pagos no asociados a proveedor","Asset",,"Yes","No","B_UNALLOCATEDCASH_ACCT",12,,,,,,,,,,
12002,"Comprovación cobros no asociados a cliente","Comprovación cobros no asociados a cliente","Asset",,"Yes","No","B_UNIDENTIFIED_ACCT",12,,,,,,,,,,
13,"INGRESOS A DISTRIBUIR EN VARIOS EJERCICIOS","INGRESOS A DISTRIBUIR EN VARIOS EJERCICIOS",,,,"Yes",,1,,,,,,,,,,
130,"Subvenciones oficiales de capital","Subvenciones oficiales de capital",,,,"No",,13,,,,,,,,,,
131,"Subvenciones de capital","Subvenciones de capital",,,,"No",,13,,,,,,,,,,
135,"Ingresos por intereses diferidos","Ingresos por intereses diferidos","Revenue",,"Yes","No","B_INTERESTREV_ACCT",13,,,,,,,,,,
136,"Diferencias positivas en moneda extranjera","Diferencias positivas en moneda extranjera","Revenue",,"Yes","No","UNREALIZEDGAIN_ACCT",13,,,,,,,,,,
14,"PROVISIONES PARA RIESGOS Y GASTOS","PROVISIONES PARA RIESGOS Y GASTOS",,,,"Yes",,1,,,,,,,,,,
140,"Provisión para pensiones y obligaciones similares","Provisión para pensiones y obligaciones similares",,,,"No",,14,,,,,,,,,,
141,"Provisión para impuestos","Provisión para impuestos",,,,"No",,14,,,,,,,,,,
142,"Provisión para responsabilidades","Provisión para responsabilidades",,,,"No",,14,,,,,,,,,,
143,"Provisión para grandes reparaciones","Provisión para grandes reparaciones",,,,"No",,14,,,,,,,,,,
144,"Fondo de reversión","Fondo de reversión",,,,"No",,14,,,,,,,,,,
15,"EMPRESTITOS Y OTRAS EMISIONES ANALOGAS","EMPRESTITOS Y OTRAS EMISIONES ANALOGAS",,,,"Yes",,1,,,,,,,,,,
150,"Obligaciones y bonos","Obligaciones y bonos",,,,"No",,15,,,,,,,,,,
151,"Obligaciones y bonos convertibles","Obligaciones y bonos convertibles",,,,"No",,15,,,,,,,,,,
155,"Deudas representadas en otros valores negociables","Deudas representadas en otros valores negociables",,,,"No",,15,,,,,,,,,,
16,"DEUDAS A LARGO PLAZO CON EMPRESAS DEL GRUPO Y ASOCIADAS","DEUDAS A LARGO PLAZO CON EMPRESAS DEL GRUPO Y ASOCIADAS",,,,"Yes",,1,,,,,,,,,,
160,"Deudas a largo plazo con empresas del grupo","Deudas a largo plazo con empresas del grupo",,,,"No",,16,,,,,,,,,,
161,"Deudas a largo plazo con empresas asociadas","Deudas a largo plazo con empresas asociadas",,,,"No",,16,,,,,,,,,,
162,"Deudas a largo plazo con entidades de crédito del grupo","Deudas a largo plazo con entidades de crédito del grupo",,,,"No",,16,,,,,,,,,,
163,"Deudas a largo plazo con entidades de crédito asociadas","Deudas a largo plazo con entidades de crédito asociadas",,,,"No",,16,,,,,,,,,,
164,"Proveedores de inmovilizado a largo plazo empresas del grupo","Proveedores de inmovilizado a largo plazo empresas del grupo",,,,"No",,16,,,,,,,,,,
165,"Proveedores de inmovilizado a largo plazo empresas asociadas","Proveedores de inmovilizado a largo plazo empresas asociadas",,,,"No",,16,,,,,,,,,,
17,"DEUDAS A LARGO PLAZO POR PRESTAMOS RECIBIDOS Y OTROS CONCEPTOS","DEUDAS A LARGO PLAZO POR PRESTAMOS RECIBIDOS Y OTROS CONCEPTOS",,,,"Yes",,1,,,,,,,,,,
170,"Deudas a largo plazo con entidades de crédito","Deudas a largo plazo con entidades de crédito",,,,"No",,17,,,,,,,,,,
171,"Deudas a largo plazo","Deudas a largo plazo",,,,"No",,17,,,,,,,,,,
172,"Deudas a largo plazo transformables en subvenciones","Deudas a largo plazo transformables en subvenciones",,,,"No",,17,,,,,,,,,,
173,"Proveedores de inmovilizado a largo plazo","Proveedores de inmovilizado a largo plazo",,,,"No",,17,,,,,,,,,,
174,"Efectos a pagar a largo plazo","Efectos a pagar a largo plazo",,,,"No",,17,,,,,,,,,,
18,"FIANZAS Y DEPOSITOS RECIBIDOS A LARGO PLAZO","FIANZAS Y DEPOSITOS RECIBIDOS A LARGO PLAZO",,,,"Yes",,1,,,,,,,,,,
180,"Fianzas recibidas a largo plazo","Fianzas recibidas a largo plazo",,,,"No",,18,,,,,,,,,,
185,"Depósitos recibidos a largo plazo","Depósitos recibidos a largo plazo",,,,"No",,18,,,,,,,,,,
19,"SITUACIONES TRANSITORIAS DE FINANCIACION","SITUACIONES TRANSITORIAS DE FINANCIACION",,,,"Yes",,1,,,,,,,,,,
190,"Accionistas por desembolsos no exigidos","Accionistas por desembolsos no exigidos",,,,"No",,19,,,,,,,,,,
191,"Accionistas por desembolsos no exigidos empresas del grupo","Accionistas por desembolsos no exigidos empresas del grupo",,,,"No",,19,,,,,,,,,,
192,"Accionistas por desembolsos no exigidos empresas asociadas","Accionistas por desembolsos no exigidos empresas asociadas",,,,"No",,19,,,,,,,,,,
193,"Accionistas por aportaciones no dinerarias pendientes","Accionistas por aportaciones no dinerarias pendientes",,,,"No",,19,,,,,,,,,,
194,"Accionistas por aportaciones no dinerarias pendientes empresas del grupo","Accionistas por aportaciones no dinerarias pendientes empresas del grupo",,,,"No",,19,,,,,,,,,,
195,"Accionistas por aportaciones no dinerarias pendientes empresas asociadas","Accionistas por aportaciones no dinerarias pendientes empresas asociadas",,,,"No",,19,,,,,,,,,,
196,"Socios parte no desembolsada","Socios parte no desembolsada",,,,"No",,19,,,,,,,,,,
198,"Acciones propias en situaciones especiales","Acciones propias en situaciones especiales",,,,"No",,19,,,,,,,,,,
199,"Acciones propias para reducción de capital","Acciones propias para reducción de capital",,,,"No",,19,,,,,,,,,,
19001,"Balanceo en Tránsito","Balanceo en Tránsito","Expense",,"Yes","No","SUSPENSEBALANCING_ACCT",19,,,,,,,,,,
19002,"Error Balanceo","Error Balanceo","Expense",,"Yes","No","SUSPENSEERROR_ACCT",19,,,,,,,,,,
2,"INMOVILIZADO","INMOVILIZADO",,,,"Yes",,,,,,,,,,,,
20,"GASTOS DE ESTABLECIMIENTO","GASTOS DE ESTABLECIMIENTO",,,,"Yes",,2,,,,,,,,,,
200,"Gastos de constitución","Gastos de constitución",,,,"No",,20,,,,,,,,,,
201,"Gastos de primer establecimiento","Gastos de primer establecimiento","Expense",,"Yes","No","B_SETTLEMENTLOSS_ACCT",20,,,,,,,,,,
202,"Gastos de ampliación de capital","Gastos de ampliación de capital",,,,"No",,20,,,,,,,,,,
205,"Gastos conversión moneda extranjera","Gastos conversión moneda extranjera","Expense",,"Yes","No","B_REVALUATIONLOSS_ACCT",20,,,,,,,,,,
21,"INMOVILIZADO INMATERIAL","INMOVILIZADO INMATERIAL",,,,"Yes",,2,,,,,,,,,,
210,"Gastos de investigación y desarrollo","Gastos de investigación y desarrollo",,,,"No",,21,,,,,,,,,,
211,"Concesiones administrativas","Concesiones administrativas",,,,"No",,21,,,,,,,,,,
212,"Propiedad industrial","Propiedad industrial",,,,"No",,21,,,,,,,,,,
213,"Fondo de comercio","Fondo de comercio",,,,"No",,21,,,,,,,,,,
214,"Derechos de traspaso","Derechos de traspaso",,,,"No",,21,,,,,,,,,,
215,"Aplicaciones informáticas","Aplicaciones informáticas",,,,"No",,21,,,,,,,,,,
217,"Derechos sobre bienes en régimen de arrendamiento financiero","Derechos sobre bienes en régimen de arrendamiento financiero",,,,"No",,21,,,,,,,,,,
219,"Anticipos para inmovilizaciones inmateriales","Anticipos para inmovilizaciones inmateriales",,,,"No",,21,,,,,,,,,,
22,"INMOVILIZACIONES MATERIALES","INMOVILIZACIONES MATERIALES",,,,"Yes",,2,,,,,,,,,,
220,"Terrenos y bienes naturales","Terrenos y bienes naturales",,,,"No",,22,,,,,,,,,,
221,"Construcciones","Construcciones",,,,"No",,22,,,,,,,,,,
222,"Instalaciones técnicas","Instalaciones técnicas",,,,"No",,22,,,,,,,,,,
223,"Maquinaria","Maquinaria",,,,"No",,22,,,,,,,,,,
224,"Utillaje","Utillaje",,,,"No",,22,,,,,,,,,,
225,"Otras aplicaciones","Otras aplicaciones",,,,"No",,22,,,,,,,,,,
226,"Mobiliario","Mobiliario",,,,"No",,22,,,,,,,,,,
227,"Equipos para procesos de información","Equipos para procesos de información",,,,"No",,22,,,,,,,,,,
228,"Elementos de transporte","Elementos de transporte",,,,"No",,22,,,,,,,,,,
229,"Otro inmovilizado material","Otro inmovilizado material",,,,"No",,22,,,,,,,,,,
23,"INMOVILIZACIONES MATERIALES EN CURSO","INMOVILIZACIONES MATERIALES EN CURSO",,,,"Yes",,2,,,,,,,,,,
230,"Adaptación de terrenos y de bienes naturales","Adaptación de terrenos y de bienes naturales",,,,"No",,23,,,,,,,,,,
231,"Construcciones en curso","Construcciones en curso",,,,"No",,23,,,,,,,,,,
232,"Instalaciones técnicas en montaje","Instalaciones técnicas en montaje",,,,"No",,23,,,,,,,,,,
233,"Maquinaria en montaje","Maquinaria en montaje",,,,"No",,23,,,,,,,,,,
237,"Equipos para procesos de información en montaje","Equipos para procesos de información en montaje",,,,"No",,23,,,,,,,,,,
239,"Anticipos para inmovilizaciones materiales","Anticipos para inmovilizaciones materiales",,,,"No",,23,,,,,,,,,,
24,"INVERSIONES FINANACIERAS EN EMPRESAS DEL GRUPO Y ASOCIADAS","INVERSIONES FINANACIERAS EN EMPRESAS DEL GRUPO Y ASOCIADAS",,,,"Yes",,2,,,,,,,,,,
240,"Participaciones en empresas del grupo","Participaciones en empresas del grupo",,,,"No",,24,,,,,,,,,,
241,"Participaciones en empresas asociadas","Participaciones en empresas asociadas",,,,"No",,24,,,,,,,,,,
242,"Valores de renta fija de empresas del grupo","Valores de renta fija de empresas del grupo",,,,"No",,24,,,,,,,,,,
243,"Valores de renta fija de empresas asociadas","Valores de renta fija de empresas asociadas",,,,"No",,24,,,,,,,,,,
244,"Créditos a largo plazo a empresas del grupo","Créditos a largo plazo a empresas del grupo",,,,"No",,24,,,,,,,,,,
245,"Créditos a largo plazo a empresas asociadas","Créditos a largo plazo a empresas asociadas",,,,"No",,24,,,,,,,,,,
246,"Intereses a largo plazo de inversiones financieras en empresas del grupo","Intereses a largo plazo de inversiones financieras en empresas del grupo",,,,"No",,24,,,,,,,,,,
247,"Intereses alargo plazo de inversiones financieras en empresas asociadas","Intereses alargo plazo de inversiones financieras en empresas asociadas",,,,"No",,24,,,,,,,,,,
248,"Desembolsos pendientes sobre acciones de empresas del grupo","Desembolsos pendientes sobre acciones de empresas del grupo",,,,"No",,24,,,,,,,,,,
249,"Desembolsos pendientes sobre acciones de empresas asociadas","Desembolsos pendientes sobre acciones de empresas asociadas",,,,"No",,24,,,,,,,,,,
25,"OTRAS INVERSIONES FINANCIERAS PERMANENTES","OTRAS INVERSIONES FINANCIERAS PERMANENTES",,,,"Yes",,2,,,,,,,,,,
250,"Inversiones financieras permanentes en capital","Inversiones financieras permanentes en capital",,,,"No",,25,,,,,,,,,,
251,"Valores de renta fija","Valores de renta fija",,,,"No",,25,,,,,,,,,,
252,"Créditos a largo plazo","Créditos a largo plazo",,,,"No",,25,,,,,,,,,,
253,"Créditos a largo plazo por enejenación de inmovilizado","Créditos a largo plazo por enejenación de inmovilizado",,,,"No",,25,,,,,,,,,,
254,"Créditos a largo plazo al personal","Créditos a largo plazo al personal",,,,"No",,25,,,,,,,,,,
256,"Intereses a largo plazo de valores de renta fija","Intereses a largo plazo de valores de renta fija",,,,"No",,25,,,,,,,,,,
257,"Intereses a largo plazo de valores de créditos","Intereses a largo plazo de valores de créditos",,,,"No",,25,,,,,,,,,,
258,"Imposiciones a largo plazo","Imposiciones a largo plazo",,,,"No",,25,,,,,,,,,,
259,"Desembolsos pendientes sobre acciones","Desembolsos pendientes sobre acciones",,,,"No",,25,,,,,,,,,,
26,"FIANZAS Y DEPOSITOS CONSTITUIDOS A LARGO PLAZO","FIANZAS Y DEPOSITOS CONSTITUIDOS A LARGO PLAZO",,,,"Yes",,2,,,,,,,,,,
260,"Fianzas constituidas a largo plazo","Fianzas constituidas a largo plazo",,,,"No",,26,,,,,,,,,,
265,"Depósitos constituidos a largo plazo","Depósitos constituidos a largo plazo",,,,"No",,26,,,,,,,,,,
27,"GASTOS A DISTRIBUIR EN VARIOS EJERCICIOS","GASTOS A DISTRIBUIR EN VARIOS EJERCICIOS",,,,"Yes",,2,,,,,,,,,,
270,"Gastos de formalización de deudas","Gastos de formalización de deudas","Expense",,"Yes","No","WRITEOFF_ACCT",27,,,,,,,,,,
271,"Gastos por intereses diferidos de valores negociables","Gastos por intereses diferidos de valores negociables",,,,"No",,27,,,,,,,,,,
272,"Gastos por intereses diferidos","Gastos por intereses diferidos","Expense",,"Yes","No","B_INTERESTEXP_ACCT",27,,,,,,,,,,
273,"Diferencias negativas en moneda extranjera","Diferencias negativas en moneda extranjera","Expense",,"Yes","No","UNREALIZEDLOSS_ACCT",27,,,,,,,,,,
28,"AMORTIZACION ACUMULADA DEL INMOVILIZADO","AMORTIZACION ACUMULADA DEL INMOVILIZADO",,,,"Yes",,2,,,,,,,,,,
281,"Amortización acumulada del inmovilizado inmaterial","Amortización acumulada del inmovilizado inmaterial",,,,"No",,28,,,,,,,,,,
282,"Amortización acumulada del inmovilizado material","Amortización acumulada del inmovilizado material",,,,"No",,28,,,,,,,,,,
29,"PROVISIONES DE INMOVILIZADO","PROVISIONES DE INMOVILIZADO",,,,"Yes",,2,,,,,,,,,,
290,"Provisión por depreciación del inmovilizado inmaterial","Provisión por depreciación del inmovilizado inmaterial",,,,"No",,29,,,,,,,,,,
291,"Provisión por depreciación del inmovilizado material","Provisión por depreciación del inmovilizado material",,,,"No",,29,,,,,,,,,,
293,"Provisión por depreciación de valores negociables a largo plazo de empresas del grupo","Provisión por depreciación de valores negociables a largo plazo de empresas del grupo",,,,"No",,29,,,,,,,,,,
294,"Provisión por depreciación de valores negociables a largo plazo de empresas asociadas","Provisión por depreciación de valores negociables a largo plazo de empresas asociadas",,,,"No",,29,,,,,,,,,,
295,"Provisión para insolvencias de créditos a lago plazo a empresas del grupo","Provisión para insolvencias de créditos a lago plazo a empresas del grupo",,,,"No",,29,,,,,,,,,,
296,"Provisión para insolvencias de créditos a largo plazo a empresas asociadas","Provisión para insolvencias de créditos a largo plazo a empresas asociadas",,,,"No",,29,,,,,,,,,,
297,"Provisión por depreciación de valores negociables a largo plazo","Provisión por depreciación de valores negociables a largo plazo",,,,"No",,29,,,,,,,,,,
298,"Provisión para insolvencias de créditos a largo plazo","Provisión para insolvencias de créditos a largo plazo",,,,"No",,29,,,,,,,,,,
3,"EXISTENCIAS","EXISTENCIAS",,,,"Yes",,,,,,,,,,,,
30,"COMERCIALES","COMERCIALES",,,,"Yes",,3,,,,,,,,,,
300,"Mercaderías A","Mercaderías A","Asset",,"Yes","No","W_INVENTORY_ACCT",30,,,,,,,,,,
301,"Mercaderías B","Mercaderías B",,,,"No",,30,,,,,,,,,,
31,"MATERIAS PRIMAS","MATERIAS PRIMAS",,,,"Yes",,3,,,,,,,,,,
310,"Materias primas A","Materias primas A",,,,"No",,31,,,,,,,,,,
311,"Material primas B","Material primas B",,,,"No",,31,,,,,,,,,,
32,"OTROS APROVISIONAMIENTOS","OTROS APROVISIONAMIENTOS",,,,"Yes",,3,,,,,,,,,,
320,"Elementos y conjuntos incorporables","Elementos y conjuntos incorporables",,,,"No",,32,,,,,,,,,,
321,"Combustibles","Combustibles",,,,"No",,32,,,,,,,,,,
322,"Repuestos","Repuestos",,,,"No",,32,,,,,,,,,,
325,"Materiales diversos","Materiales diversos",,,,"No",,32,,,,,,,,,,
326,"Embalajes","Embalajes",,,,"No",,32,,,,,,,,,,
327,"Envases","Envases",,,,"No",,32,,,,,,,,,,
328,"Material de oficina","Material de oficina",,,,"No",,32,,,,,,,,,,
33,"PRODUCTOS EN CURSO","PRODUCTOS EN CURSO",,,,"Yes",,3,,,,,,,,,,
330,"Productos en curso A","Productos en curso A","Asset",,"Yes","No","P_ASSET_ACCT",33,,,,,,,,,,
331,"Productos en curso B","Productos en curso B",,,,"No",,33,,,,,,,,,,
34,"PRODUCTOS SEMITERMINADOS","PRODUCTOS SEMITERMINADOS",,,,"Yes",,3,,,,,,,,,,
340,"Productos semiterminados A","Productos semiterminados A",,,,"No",,34,,,,,,,,,,
341,"Productos semiterminados B","Productos semiterminados B",,,,"No",,34,,,,,,,,,,
35,"PRODUCTOS TERMINADOS","PRODUCTOS TERMINADOS",,,,"Yes",,3,,,,,,,,,,
350,"Productos terminados A","Productos terminados A",,,,"No",,35,,,,,,,,,,
351,"Productos terminados B","Productos terminados B",,,,"No",,35,,,,,,,,,,
36,"SUBPRODUCTOS RESIDUOS Y MATERIALES RECUPERADOS","SUBPRODUCTOS RESIDUOS Y MATERIALES RECUPERADOS",,,,"Yes",,3,,,,,,,,,,
360,"Subproductos A","Subproductos A",,,,"No",,36,,,,,,,,,,
361,"Subproductos B","Subproductos B",,,,"No",,36,,,,,,,,,,
365,"Residuos A","Residuos A",,,,"No",,36,,,,,,,,,,
366,"Residuos B","Residuos B",,,,"No",,36,,,,,,,,,,
368,"Materiales recuperados A","Materiales recuperados A",,,,"No",,36,,,,,,,,,,
369,"Materiales recuperados B","Materiales recuperados B",,,,"No",,36,,,,,,,,,,
39,"PROVISIONES POR DEPRECIACION DE EXISTENCIAS","PROVISIONES POR DEPRECIACION DE EXISTENCIAS",,,,"Yes",,3,,,,,,,,,,
390,"Provisión por depreciación de mercaderías","Provisión por depreciación de mercaderías","Expense",,"Yes","No","W_REVALUATION_ACCT",39,,,,,,,,,,
391,"Provisión por depreciación de materias primas","Provisión por depreciación de materias primas",,,,"No",,39,,,,,,,,,,
392,"Provisión por depreciación de otros aprovisionamientos","Provisión por depreciación de otros aprovisionamientos",,,,"No",,39,,,,,,,,,,
393,"Provisión por depreciación de productos en curso","Provisión por depreciación de productos en curso",,,,"No",,39,,,,,,,,,,
394,"Provisión por depreciación de productos semiterminados","Provisión por depreciación de productos semiterminados",,,,"No",,39,,,,,,,,,,
395,"Provisión por depreciación de productos terminados","Provisión por depreciación de productos terminados",,,,"No",,39,,,,,,,,,,
396,"Provisión por depreciación de de subproductos residuos y materiales recuperados","Provisión por depreciación de de subproductos residuos y materiales recuperados",,,,"No",,39,,,,,,,,,,
4,"ACREEDORES Y DEUDORES POR OPERACIONES DE TRAFICO","ACREEDORES Y DEUDORES POR OPERACIONES DE TRAFICO",,,,"Yes",,,,,,,,,,,,
40,"PROVEEDORES","PROVEEDORES",,,,"Yes",,4,,,,,,,,,,
400,"Proveedores","Proveedores","Liability",,"Yes","No","V_LIABILITY_ACCT",40,,,,,,,,,,
401,"Proveedores efectos comerciales a pagar","Proveedores efectos comerciales a pagar","Liability",,"Yes","No","V_LIABILITY_SERVICES_ACCT",40,,,,,,,,,,
402,"Proveedores empresas del grupo","Proveedores empresas del grupo","Liability",,"Yes","No","INTERCOMPANYDUETO_ACCT",40,,,,,,,,,,
403,"Proveedores empresas asociadas","Proveedores empresas asociadas",,,,"No",,40,,,,,,,,,,
406,"Envases y embalajes a devolver a proveedores","Envases y embalajes a devolver a proveedores",,,,"No",,40,,,,,,,,,,
407,"Anticipos a proveedores","Anticipos a proveedores","Asset",,"Yes","No","V_PREPAYMENT_ACCT",40,,,,,,,,,,
41,"ACREEDORES VARIOS","ACREEDORES VARIOS",,,,"Yes",,4,,,,,,,,,,
410,"Acreedores por prestaciones de servicios","Acreedores por prestaciones de servicios",,,,"No",,41,,,,,,,,,,
411,"Acreedores efectos comerciales a pagar","Acreedores efectos comerciales a pagar","Liability",,"Yes","No","B_PAYMENTSELECT_ACCT",41,,,,,,,,,,
419,"Acreedores por operaciones en común","Acreedores por operaciones en común",,,,"No",,41,,,,,,,,,,
43,"CLIENTES","CLIENTES",,,,"Yes",,4,,,,,,,,,,
430,"Clientes","Clientes","Asset",,"Yes","No","C_RECEIVABLE_ACCT",43,,,,,,,,,,
431,"Clientes efectos comerciales a cobrar","Clientes efectos comerciales a cobrar",,,,"No",,43,,,,,,,,,,
432,"Clientes empresas del grupo","Clientes empresas del grupo","Asset",,"Yes","No","INTERCOMPANYDUEFROM_ACCT",43,,,,,,,,,,
433,"Clientes empresas asociadas","Clientes empresas asociadas",,,,"No",,43,,,,,,,,,,
435,"Clientes de dudoso cobro","Clientes de dudoso cobro",,,,"No",,43,,,,,,,,,,
436,"Envases y embalajes a devolver por cliente","Envases y embalajes a devolver por cliente",,,,"No",,43,,,,,,,,,,
437,"Anticipos de clientes","Anticipos de clientes","Liability",,"Yes","No","C_PREPAYMENT_ACCT",43,,,,,,,,,,
44,"DEUDORES VARIOS","DEUDORES VARIOS",,,,"Yes",,4,,,,,,,,,,
440,"Deudores","Deudores",,,,"No",,44,,,,,,,,,,
441,"Deudores efectos comerciales a cobrar","Deudores efectos comerciales a cobrar",,,,"No",,44,,,,,,,,,,
445,"Deudores de dudoso cobro","Deudores de dudoso cobro",,,,"No",,44,,,,,,,,,,
449,"Deudores por operaciones en común","Deudores por operaciones en común",,,,"No",,44,,,,,,,,,,
46,"PERSONAL","PERSONAL",,,,"Yes",,4,,,,,,,,,,
460,"Anticipos de remuneraciones","Anticipos de remuneraciones","Asset",,"Yes","No","E_PREPAYMENT_ACCT",46,,,,,,,,,,
465,"Remuneraciones pendientes de pago","Remuneraciones pendientes de pago",,,,"No",,46,,,,,,,,,,
47,"ADMINISTRACIONES PUBLICAS","ADMINISTRACIONES PUBLICAS",,,,"Yes",,4,,,,,,,,,,
470,"Hacienda Pública deudor por diversos conceptos","Hacienda Pública deudor por diversos conceptos",,,,"No",,47,,,,,,,,,,
471,"Organismos de la Seguridad Social deudores","Organismos de la Seguridad Social deudores",,,,"No",,47,,,,,,,,,,
472,"Hacienda Pública IVA soportado","Hacienda Pública IVA soportado","Expense",,"Yes","No","T_EXPENSE_ACCT",47,,,,,,,,,,
473,"Hacienda Pública retenciones y pagos a cuenta","Hacienda Pública retenciones y pagos a cuenta","Liability",,"Yes","No","WITHHOLDING_ACCT",47,,,,,,,,,,
474,"Impuesto sobre beneficios anticipado y compensación","Impuesto sobre beneficios anticipado y compensación de pérdidas","Asset",,"Yes","No","T_CREDIT_ACCT",47,,,,,,,,,,
475,"Hacienda Pública acreedor por conceptos fiscales","Hacienda Pública acreedor por conceptos fiscales",,,,"No",,47,,,,,,,,,,
476,"Organismos de la Seguridad Social acreedores","Organismos de la Seguridad Social acreedores",,,,"No",,47,,,,,,,,,,
477,"Hacienda Pública IVA repercutido","Hacienda Pública IVA repercutido",,,,"No",,47,,,,,,,,,,
479,"Impuesto sobre beneficios diferido","Impuesto sobre beneficios diferido","Liability",,"Yes","No","T_DUE_ACCT",47,,,,,,,,,,
48,"AJUSTES POR PERIODIFICACION","AJUSTES POR PERIODIFICACION",,,,"Yes",,4,,,,,,,,,,
480,"Gastos anticipados","Gastos anticipados",,,,"No",,48,,,,,,,,,,
485,"Ingresos anticipados","Ingresos anticipados",,,,"No",,48,,,,,,,,,,
49,"PROVISIONES POR OPERACIONES DE TRAFICO","PROVISIONES POR OPERACIONES DE TRAFICO",,,,"Yes",,4,,,,,,,,,,
490,"Provisión para insolvencias de tráfico","Provisión para insolvencias de tráfico",,,,"No",,49,,,,,,,,,,
493,"Provisión para insolvencias de tráfico de empresas del grupo","Provisión para insolvencias de tráfico de empresas del grupo",,,,"No",,49,,,,,,,,,,
494,"Provisión para insolvencias de tráfico de empresas asociadas","Provisión para insolvencias de tráfico de empresas asociadas",,,,"No",,49,,,,,,,,,,
499,"Provisión para otras operaciones de tráfico","Provisión para otras operaciones de tráfico",,,,"No",,49,,,,,,,,,,
5,"CUENTAS FINANCIERAS","CUENTAS FINANCIERAS",,,,"Yes",,,,,,,,,,,,
50,"EMPRESTITOS Y OTRAS EMISIONES ANALOGAS A CORTO PLAZO","EMPRESTITOS Y OTRAS EMISIONES ANALOGAS A CORTO PLAZO",,,,"Yes",,5,,,,,,,,,,
500,"Obligaciones y bonos a corto plazo","Obligaciones y bonos a corto plazo",,,,"No",,50,,,,,,,,,,
501,"Obligaciones y bonos convertibles a corto plazo","Obligaciones y bonos convertibles a corto plazo",,,,"No",,50,,,,,,,,,,
505,"Deudas representadas en otros valores negociables a corto plazo","Deudas representadas en otros valores negociables a corto plazo",,,,"No",,50,,,,,,,,,,
506,"Intereses de empréstitos y otras emisiones análogas","Intereses de empréstitos y otras emisiones análogas",,,,"No",,50,,,,,,,,,,
509,"Valores negociables amortizados","Valores negociables amortizados",,,,"No",,50,,,,,,,,,,
51,"DEUDAS A CORTO PLAZO CON EMPRESAS DEL GRUPO Y ASOCIADAS","DEUDAS A CORTO PLAZO CON EMPRESAS DEL GRUPO Y ASOCIADAS",,,,"Yes",,5,,,,,,,,,,
510,"Deudas a corto plazo con empresas del grupo","Deudas a corto plazo con empresas del grupo",,,,"No",,51,,,,,,,,,,
511,"Deudas a corto plazo con empresas asociadas","Deudas a corto plazo con empresas asociadas",,,,"No",,51,,,,,,,,,,
512,"Deudas a corto plazo con entidades de crédito del grupo","Deudas a corto plazo con entidades de crédito del grupo",,,,"No",,51,,,,,,,,,,
513,"Deudas a corto plazo con entidades asociadas","Deudas a corto plazo con entidades asociadas",,,,"No",,51,,,,,,,,,,
514,"Proveedores de inmovilizado a corto plazo empresas del grupo","Proveedores de inmovilizado a corto plazo empresas del grupo",,,,"No",,51,,,,,,,,,,
515,"Proveedores de inmovilizado a corto plazo empresas asociadas","Proveedores de inmovilizado a corto plazo empresas asociadas",,,,"No",,51,,,,,,,,,,
516,"Intereses a corto plazo de deudas con empresas del grupo","Intereses a corto plazo de deudas con empresas del grupo",,,,"No",,51,,,,,,,,,,
517,"Intereses a corto plazo de deudas con empresas asociadas","Intereses a corto plazo de deudas con empresas asociadas",,,,"No",,51,,,,,,,,,,
52,"DEUDAS A CORTO PLAZO POR PRESTAMOS RECIBIDOS Y OTROS CONCEPTOS","DEUDAS A CORTO PLAZO POR PRESTAMOS RECIBIDOS Y OTROS CONCEPTOS",,,,"Yes",,5,,,,,,,,,,
520,"Deudas a corto plazo con entidades de crédito","Deudas a corto plazo con entidades de crédito",,,,"No",,52,,,,,,,,,,
521,"Deudas a corto plazo","Deudas a corto plazo","Liability",,"Yes","No","NOTINVOICEDRECEIPTS_ACCT",52,,,,,,,,,,
523,"Proveedores de inmovilizado a corto plazo","Proveedores de inmovilizado a corto plazo",,,,"No",,52,,,,,,,,,,
524,"Efectos a pagar a corto plazo","Efectos a pagar a corto plazo",,,,"No",,52,,,,,,,,,,
525,"Dividendo activo a pagar","Dividendo activo a pagar",,,,"No",,52,,,,,,,,,,
526,"Intereses a corto plazo de deudas con entidades de crédito","Intereses a corto plazo de deudas con entidades de crédito",,,,"No",,52,,,,,,,,,,
527,"Intereses a corto plazo de deudas","Intereses a corto plazo de deudas",,,,"No",,52,,,,,,,,,,
53,"INVERSIONES FINANCIERAS A CORTO PLAZO EN EMPRESAS DEL GRUPO Y ASOCIADAS","INVERSIONES FINANCIERAS A CORTO PLAZO EN EMPRESAS DEL GRUPO Y ASOCIADAS",,,,"Yes",,5,,,,,,,,,,
530,"Participaciones a corto plazo en empresas del grupo","Participaciones a corto plazo en empresas del grupo",,,,"No",,53,,,,,,,,,,
531,"Participaciones a corto plazo en empresas asociadas","Participaciones a corto plazo en empresas asociadas",,,,"No",,53,,,,,,,,,,
532,"Valores de renta fija a corto plazo de empresas del grupo","Valores de renta fija a corto plazo de empresas del grupo",,,,"No",,53,,,,,,,,,,
533,"Valores de renta fija a corto plazo de empresas asociadas","Valores de renta fija a corto plazo de empresas asociadas",,,,"No",,53,,,,,,,,,,
534,"Créditos a corto plazo a empresas del grupo","Créditos a corto plazo a empresas del grupo",,,,"No",,53,,,,,,,,,,
535,"Créditos a corto plazo a aempresas asociadas","Créditos a corto plazo a aempresas asociadas",,,,"No",,53,,,,,,,,,,
536,"Intereses a corto plazo de inversiones financieras en empresas del grupo","Intereses a corto plazo de inversiones financieras en empresas del grupo",,,,"No",,53,,,,,,,,,,
537,"Intereses a corto plazo de inversiones financieras en empresas asociadas","Intereses a corto plazo de inversiones financieras en empresas asociadas",,,,"No",,53,,,,,,,,,,
538,"Desembolsos pendientes sobre acciones a corto plazo de empresas del grupo","Desembolsos pendientes sobre acciones a corto plazo de empresas del grupo",,,,"No",,53,,,,,,,,,,
539,"Desembolsos pendientes sobre acciones a corto plazo de empresas asociadas","Desembolsos pendientes sobre acciones a corto plazo de empresas asociadas",,,,"No",,53,,,,,,,,,,
54,"OTRAS INVERSIONES FINANCIERAS TEMPORALES","OTRAS INVERSIONES FINANCIERAS TEMPORALES",,,,"Yes",,5,,,,,,,,,,
540,"Inversiones financieras temporales en capital","Inversiones financieras temporales en capital",,,,"No",,54,,,,,,,,,,
541,"Valores de renta fija a corto plazo","Valores de renta fija a corto plazo",,,,"No",,54,,,,,,,,,,
542,"Créditos a corto plazo","Créditos a corto plazo",,,,"No",,54,,,,,,,,,,
543,"Créditos a corto plazo por enejeneción de inmovilizado","Créditos a corto plazo por enejeneción de inmovilizado",,,,"No",,54,,,,,,,,,,
544,"Créditos a corto plazo al personal","Créditos a corto plazo al personal",,,,"No",,54,,,,,,,,,,
545,"Dividendo a cobrar","Dividendo a cobrar",,,,"No",,54,,,,,,,,,,
546,"Intereses a corto plazo de valores de renta fija","Intereses a corto plazo de valores de renta fija",,,,"No",,54,,,,,,,,,,
547,"Intereses a corto plazo de créditos","Intereses a corto plazo de créditos",,,,"No",,54,,,,,,,,,,
548,"Imposiciones a corto plazo","Imposiciones a corto plazo",,,,"No",,54,,,,,,,,,,
549,"Desembolsos pendientes sobre acciones a corto plazo","Desembolsos pendientes sobre acciones a corto plazo",,,,"No",,54,,,,,,,,,,
55,"OTRAS CUENTAS NO BANCARIAS","OTRAS CUENTAS NO BANCARIAS",,,,"Yes",,5,,,,,,,,,,
550,"Titular de la explotación","Titular de la explotación",,,,"No",,55,,,,,,,,,,
551,"Cuenta corriente con empresas del grupo","Cuenta corriente con empresas del grupo",,,,"No",,55,,,,,,,,,,
552,"Cuenta corriente con empresas asociadas","Cuenta corriente con empresas asociadas",,,,"No",,55,,,,,,,,,,
553,"Cuenta corriente con socios y administradores","Cuenta corriente con socios y administradores",,,,"No",,55,,,,,,,,,,
555,"Partidas pendientes de aplicación","Partidas pendientes de aplicación",,,,"No",,55,,,,,,,,,,
556,"Desembolsos exigidos sobre acciones","Desembolsos exigidos sobre acciones",,,,"No",,55,,,,,,,,,,
557,"Dividendo activo a cuenta","Dividendo activo a cuenta",,,,"No",,55,,,,,,,,,,
558,"Accionistas por desembolsos exigidos","Accionistas por desembolsos exigidos",,,,"No",,55,,,,,,,,,,
56,"FIANZAS Y DEPOSITOS RECIBIDOS Y CONSTITUIDOS A CORTO PLAZO","FIANZAS Y DEPOSITOS RECIBIDOS Y CONSTITUIDOS A CORTO PLAZO",,,,"Yes",,5,,,,,,,,,,
560,"Fianzas recibidas a corto plazo","Fianzas recibidas a corto plazo",,,,"No",,56,,,,,,,,,,
561,"Depósitos recibidos a corto plazo","Depósitos recibidos a corto plazo","Asset",,"Yes","No","NOTINVOICEDRECEIVABLES_ACCT",56,,,,,,,,,,
565,"Fianzas constituidas a corto plazo","Fianzas constituidas a corto plazo",,,,"No",,56,,,,,,,,,,
566,"Depósitos constituidos a corto plazo","Depósitos constituidos a corto plazo",,,,"No",,56,,,,,,,,,,
57,"TESORERIA","TESORERIA",,,,"Yes",,5,,,,,,,,,,
570,"Caja","Caja","Asset",,"Yes","No","CB_ASSET_ACCT",57,,,,,,,,,,
57001,"Caja en Tránsito","Caja en Tránsito","Asset",,"Yes","No","CB_CASHTRANSFER_ACCT",57,,,,,,,,,,
57002,"Diferencias de Caja","Diferencias de Caja","Expense",,"Yes","No","CB_DIFFERENCES_ACCT",57,,,,,,,,,,
57003,"Caja gastos","Caja gastos","Expense",,"Yes","No","CB_EXPENSE_ACCT",57,,,,,,,,,,
57004,"Caja cobros","Caja cobros","Revenue",,"Yes","No","CB_RECEIPT_ACCT",57,,,,,,,,,,
57007,"Balanceo Moneda Extranjera","Balanceo Moneda Extranjera","Expense",,"Yes","No","CURRENCYBALANCING_ACCT",57,,,,,,,,,,
571,"Caja moneda extranjera","Caja moneda extranjera",,,,"No",,57,,,,,,,,,,
572,"Bancos e instituciones de crédito c/c vista","Bancos e instituciones de crédito c/c vista","Asset",,"Yes","No","B_ASSET_ACCT",57,,,,,,,,,,
573,"Bancos e instituciones de crédito c/c vista moneda extranjera","Bancos e instituciones de crédito c/c vista moneda extranjera",,,,"No",,57,,,,,,,,,,
574,"Bancos e instituciones de crédito cuentas de ahorro","Bancos e instituciones de crédito cuentas de ahorro",,,,"No",,57,,,,,,,,,,
575,"Bancos e instituciones de crédito cuentas de ahorro moneda extranjera","Bancos e instituciones de crédito cuentas de ahorro moneda extranjera",,,,"No",,57,,,,,,,,,,
58,"AJUSTES POR PERIODIFICACION","AJUSTES POR PERIODIFICACION",,,,"Yes",,5,,,,,,,,,,
580,"Intereses pagados por anticipado","Intereses pagados por anticipado",,,,"No",,58,,,,,,,,,,
585,"Intereses cobrados por anticipado","Intereses cobrados por anticipado",,,,"No",,58,,,,,,,,,,
59,"PROVISIONES FINANCIERAS","PROVISIONES FINANCIERAS",,,,"Yes",,5,,,,,,,,,,
593,"Provisión por depreciación de valores negociables a corto plazo de empresas del grupo","Provisión por depreciación de valores negociables a corto plazo de empresas del grupo",,,,"No",,59,,,,,,,,,,
594,"Provisión por depreciación de negociables asociados","Provisión por depreciación de valores negociables a corto plazo de empresas asociadas","Revenue",,"Yes","No","UNEARNEDREVENUE_ACCT",59,,,,,,,,,,
595,"Provisión para insolvencias de créditos a corto plazo a empresas del grupo","Provisión para insolvencias de créditos a corto plazo a empresas del grupo",,,,"No",,59,,,,,,,,,,
596,"Provisión para insolvencias de créditos a corto plazo a empresas asociadas","Provisión para insolvencias de créditos a corto plazo a empresas asociadas",,,,"No",,59,,,,,,,,,,
597,"Provisión por depreciación de valores negociables","Provisión por depreciación de valores negociables a corto plazo","Revenue",,"Yes","No","NOTINVOICEDREVENUE_ACCT",59,,,,,,,,,,
598,"Provisión para insolvencias de créditos a corto plazo","Provisión para insolvencias de créditos a corto plazo",,,,"No",,59,,,,,,,,,,
6,"COMPRAS Y GASTOS","COMPRAS Y GASTOS",,,,"Yes",,,,,,,,,,,,
60,"COMPRAS","COMPRAS",,,,"Yes",,6,,,,,,,,,,
600,"Compras de mercaderías","Compras de mercaderías","Expense",,"Yes","No","P_EXPENSE_ACCT",60,,,,,,,,,,
601,"Compras de materias primas","Compras de materias primas",,,,"No",,60,,,,,,,,,,
602,"Compras de otros aprovisionamientos","Compras de otros aprovisionamientos","Expense",,"Yes","No","CH_EXPENSE_ACCT",60,,,,,,,,,,
607,"Trabajos realizados por otras empresas","Trabajos realizados por otras empresas",,,,"No",,60,,,,,,,,,,
608,"Devoluciones de compras y operaciones similares","Devoluciones de compras y operaciones similares",,,,"No",,60,,,,,,,,,,
609,"Rappels por compras","Rappels por compras","Expense",,"Yes","No","P_TRADEDISCOUNTREC_ACCT",60,,,,,,,,,,
6001,"Coste de las Ventas","Coste de las Ventas","Expense",,"Yes","No","P_COGS_ACCT",60,,,,,,,,,,
61,"VARIACION DE EXISTENCIAS","VARIACION DE EXISTENCIAS",,,,"Yes",,6,,,,,,,,,,
610,"Variación de existencias de mercaderías","Variación de existencias de mercaderías","Expense",,"Yes","No","W_DIFFERENCES_ACCT",61,,,,,,,,,,
611,"Variación de existencias de materias primas","Variación de existencias de materias primas",,,,"No",,61,,,,,,,,,,
612,"Variación de existencias de otros aprovisionamientos","Variación de existencias de otros aprovisionamientos",,,,"No",,61,,,,,,,,,,
62,"SERVICIOS EXTERIORES","SERVICIOS EXTERIORES",,,,"Yes",,6,,,,,,,,,,
620,"Gastos en investigación y desarrollo del ejercicio","Gastos en investigación y desarrollo del ejercicio",,,,"No",,62,,,,,,,,,,
621,"Arrendamientos y cánones","Arrendamientos y cánones",,,,"No",,62,,,,,,,,,,
622,"Reparaciones y conservación","Reparaciones y conservación",,,,"No",,62,,,,,,,,,,
623,"Servicios de profesionales independientes","Servicios de profesionales independientes",,,,"No",,62,,,,,,,,,,
624,"Transportes","Transportes",,,,"No",,62,,,,,,,,,,
625,"Primas de seguros","Primas de seguros",,,,"No",,62,,,,,,,,,,
626,"Servicios bancarios y similares","Servicios bancarios y similares","Expense",,"Yes","No","B_EXPENSE_ACCT",62,,,,,,,,,,
627,"Publicidad propaganda y relaciones públicas","Publicidad propaganda y relaciones públicas",,,,"No",,62,,,,,,,,,,
628,"Suministros","Suministros",,,,"No",,62,,,,,,,,,,
629,"Otros servicios","Otros servicios",,,,"No",,62,,,,,,,,,,
63,"TRIBUTOS","TRIBUTOS",,,,"Yes",,6,,,,,,,,,,
630,"Impuesto sobre beneficios","Impuesto sobre beneficios","Liability",,"Yes","No","T_LIABILITY_ACCT",63,,,,,,,,,,
631,"Otros tributos","Otros tributos",,,,"No",,63,,,,,,,,,,
633,"Ajustes negativos en la imposición sobre beneficios","Ajustes negativos en la imposición sobre beneficios",,,,"No",,63,,,,,,,,,,
634,"Ajustes negativos en la imposición indirecta","Ajustes negativos en la imposición indirecta",,,,"No",,63,,,,,,,,,,
636,"Devolución de impuestos","Devolución de impuestos","Asset",,"Yes","No","T_RECEIVABLES_ACCT",63,,,,,,,,,,
638,"Ajustes positivos en la imposición sobre beneficios","Ajustes positivos en la imposición sobre beneficios",,,,"No",,63,,,,,,,,,,
639,"Ajustes positivos en la imposición indirecta","Ajustes positivos en la imposición indirecta",,,,"No",,63,,,,,,,,,,
64,"GASTOS DE PERSONAL","GASTOS DE PERSONAL",,,,"Yes",,6,,,,,,,,,,
640,"Sueldos y salarios","Sueldos y salarios","Expense",,"Yes","No","E_EXPENSE_ACCT",64,,,,,,,,,,
641,"Indemnizaciones","Indemnizaciones",,,,"No",,64,,,,,,,,,,
642,"Seguridad Social a cargo de la empresa","Seguridad Social a cargo de la empresa",,,,"No",,64,,,,,,,,,,
643,"Aportaciones a sistemas complementarios de pensiones","Aportaciones a sistemas complementarios de pensiones",,,,"No",,64,,,,,,,,,,
649,"Otros gastos sociales","Otros gastos sociales",,,,"No",,64,,,,,,,,,,
65,"OTROS GASTOS DE GESTION","OTROS GASTOS DE GESTION",,,,"Yes",,6,,,,,,,,,,
650,"Pérdidas de créditos comerciales incobrables","Pérdidas de créditos comerciales incobrables",,,,"No",,65,,,,,,,,,,
651,"Resultados de operaciones en común","Resultados de operaciones en común",,,,"No",,65,,,,,,,,,,
659,"Otras pérdidas en gestión corriente","Otras pérdidas en gestión corriente",,,,"No",,65,,,,,,,,,,
66,"GASTOS FINANCIEROS","GASTOS FINANCIEROS",,,,"Yes",,6,,,,,,,,,,
661,"Intereses de obligaciones y bonos","Intereses de obligaciones y bonos",,,,"No",,66,,,,,,,,,,
662,"Intereses de deudas a largo plazo","Intereses de deudas a largo plazo",,,,"No",,66,,,,,,,,,,
663,"Intereses de deudas a corto plazo","Intereses de deudas a corto plazo",,,,"No",,66,,,,,,,,,,
664,"Intereses de descuento de efectos","Intereses de descuento de efectos",,,,"No",,66,,,,,,,,,,
665,"Descuentos sobre ventas por pronto pago","Descuentos sobre ventas por pronto pago","Revenue",,"Yes","No","PAYDISCOUNT_EXP_ACCT",66,,,,,,,,,,
666,"Pérdidas procedentes de valores negociables","Pérdidas procedentes de valores negociables","Expense",,"Yes","No","P_PURCHASEPRICEVARIANCE_ACCT",66,,,,,,,,,,
667,"Pérdidas de créditos","Pérdidas de créditos","Expense",,"Yes","No","P_INVOICEPRICEVARIANCE_ACCT",66,,,,,,,,,,
668,"Diferencias negativas de cambio","Diferencias negativas de cambio","Expense",,"Yes","No","REALIZEDLOSS_ACCT",66,,,,,,,,,,
669,"Otros gastos financieros","Otros gastos financieros",,,,"No",,66,,,,,,,,,,
67,"PERDIDAS PROCEDENTES DEL INMOVILIZADO Y GASTOS EXCEPCIONALES","PERDIDAS PROCEDENTES DEL INMOVILIZADO Y GASTOS EXCEPCIONALES",,,,"Yes",,6,,,,,,,,,,
670,"Pérdidas procedentes de inmovilizado inmaterial","Pérdidas procedentes de inmovilizado inmaterial",,,,"No",,67,,,,,,,,,,
671,"Pérdidas procedentes de inmovilizado material","Pérdidas procedentes de inmovilizado material",,,,"No",,67,,,,,,,,,,
672,"Pérdidas procedentes de participaciones en capital a largo plazo en empresas del grupo","Pérdidas procedentes de participaciones en capital a largo plazo en empresas del grupo",,,,"No",,67,,,,,,,,,,
673,"Pérdidas procedentes de participaciones en capital a largo plazo en empresas asociadas","Pérdidas procedentes de participaciones en capital a largo plazo en empresas asociadas",,,,"No",,67,,,,,,,,,,
674,"Pérdidas por operaciones con acciones y obligaciones propias","Pérdidas por operaciones con acciones y obligaciones propias",,,,"No",,67,,,,,,,,,,
678,"Gastos extraordinarios","Gastos extraordinarios",,,,"No",,67,,,,,,,,,,
679,"Gastos y pérdidas de ejercicios anteriores","Gastos y pérdidas de ejercicios anteriores","Expense",,"Yes","No","INCOMESUMMARY_ACCT",67,,,,,,,,,,
68,"DOTACIONES PARA AMORTIZACIONES","DOTACIONES PARA AMORTIZACIONES",,,,"Yes",,6,,,,,,,,,,
680,"Amortizacón de gastos de establecimiento","Amortizacón de gastos de establecimiento","Revenue",,"Yes","No","B_SETTLEMENTGAIN_ACCT",68,,,,,,,,,,
681,"Amortización del inmovilizado inmaterial","Amortización del inmovilizado inmaterial",,,,"No",,68,,,,,,,,,,
682,"Amortización del inmovilizado material","Amortización del inmovilizado material",,,,"No",,68,,,,,,,,,,
685,"Ingresos conversión moneda extranjera","Ingresos conversión moneda extranjera","Revenue",,"Yes","No","B_REVALUATIONGAIN_ACCT",68,,,,,,,,,,
69,"DOTACIONES A LAS PROVISIONES","DOTACIONES A LAS PROVISIONES",,,,"Yes",,6,,,,,,,,,,
690,"Dotación al fondo de reversión","Dotación al fondo de reversión",,,,"No",,69,,,,,,,,,,
691,"Dotación a la provisión del inmovilizado inmaterial","Dotación a la provisión del inmovilizado inmaterial",,,,"No",,69,,,,,,,,,,
692,"Dotación a la provisión del inmovilizado material","Dotación a la provisión del inmovilizado material",,,,"No",,69,,,,,,,,,,
693,"Dotación a la provisión de existencias","Dotación a la provisión de existencias",,,,"No",,69,,,,,,,,,,
694,"Dotación a la provisión para insolvencias de tráfico","Dotación a la provisión para insolvencias de tráfico",,,,"No",,69,,,,,,,,,,
695,"Dotación a la provisión para otras operaciones de tráfico","Dotación a la provisión para otras operaciones de tráfico",,,,"No",,69,,,,,,,,,,
696,"Dotación a la provisión para valores negociables","Dotación a la provisión para valores negociables",,,,"No",,69,,,,,,,,,,
697,"Dotación a la provisión para insolvencias de créditos a largo plazo","Dotación a la provisión para insolvencias de créditos a largo plazo",,,,"No",,69,,,,,,,,,,
698,"Dotación a la provisión para valores negociables a corto plazo","Dotación a la provisión para valores negociables a corto plazo",,,,"No",,69,,,,,,,,,,
699,"Dotación a la provisión para insolvencias de créditos a corto plazo","Dotación a la provisión para insolvencias de créditos a corto plazo",,,,"No",,69,,,,,,,,,,
7,"VENTAS E INGRESOS","VENTAS E INGRESOS",,,,"Yes",,,,,,,,,,,,
70,"VENTA DE MERCADERIAS DE PRODUCCION PROPIA DE SERVICIOS","VENTA DE MERCADERIAS DE PRODUCCION PROPIA DE SERVICIOS",,,,"Yes",,7,,,,,,,,,,
700,"Ventas de mercaderías","Ventas de mercaderías","Revenue",,"Yes","No","P_REVENUE_ACCT",70,,,,,,,,,,
701,"Ventas de productos terminados","Ventas de productos terminados",,,,"No",,70,,,,,,,,,,
702,"Ventas de productos semiterminados","Ventas de productos semiterminados",,,,"No",,70,,,,,,,,,,
703,"Ventas de subproductos y residuos","Ventas de subproductos y residuos",,,,"No",,70,,,,,,,,,,
704,"Ventas de envases y embalajes","Ventas de envases y embalajes",,,,"No",,70,,,,,,,,,,
705,"Prestaciones de servicios","Prestaciones de servicios",,,,"No",,70,,,,,,,,,,
708,"Devoluciones de ventas y operaciones similares","Devoluciones de ventas y operaciones similares",,,,"No",,70,,,,,,,,,,
709,"Rappels sobre ventas","Rappels sobre ventas","Revenue",,"Yes","No","P_TRADEDISCOUNTGRANT_ACCT",70,,,,,,,,,,
71000,"Proyecto Activo","Activo Creado","Asset",,"Yes","No","PJ_ASSET_ACCT",70,,,,,,,,,,
71001,"Proyecto en curso","Activo en proceso","Asset",,"Yes","No","PJ_WIP_ACCT",70,,,,,,,,,,
71,"VARIACION DE EXISTENCIAS","VARIACION DE EXISTENCIAS",,,,"Yes",,7,,,,,,,,,,
710,"Variación de existencias de productos en curso","Variación de existencias de productos en curso","Expense",,"Yes","No","W_INVACTUALADJUST_ACCT",71,,,,,,,,,,
711,"Variación de existencias de productos semiterminados","Variación de existencias de productos semiterminados",,,,"No",,71,,,,,,,,,,
712,"Variación de existencias de productos terminados","Variación de existencias de productos terminados",,,,"No",,71,,,,,,,,,,
713,"Variación de existencias de subproudctos residuos y materiales recuperados","Variación de existencias de subproudctos residuos y materiales recuperados",,,,"No",,71,,,,,,,,,,
73,"TRABAJOS REALIZADOS PARA LA EMPRESA","TRABAJOS REALIZADOS PARA LA EMPRESA",,,,"Yes",,7,,,,,,,,,,
730,"Incorporación al activo de gastos de establecimiento","Incorporación al activo de gastos de establecimiento",,,,"No",,73,,,,,,,,,,
731,"Trabajos realizados para el inmovilizado inmaterial","Trabajos realizados para el inmovilizado inmaterial",,,,"No",,73,,,,,,,,,,
732,"Trabajos realizados para el inmovilizado material","Trabajos realizados para el inmovilizado material",,,,"No",,73,,,,,,,,,,
733,"Trabajos realizados para el inmovilizado material en curso","Trabajos realizados para el inmovilizado material en curso",,,,"No",,73,,,,,,,,,,
737,"Incorporación al activo de gastos de formalización de de dudas","Incorporación al activo de gastos de formalización de de dudas",,,,"No",,73,,,,,,,,,,
74,"SUBVENCIONES A LA EXPLOTACION","SUBVENCIONES A LA EXPLOTACION",,,,"Yes",,7,,,,,,,,,,
740,"Subvenciones oficiales a la explotación","Subvenciones oficiales a la explotación",,,,"No",,74,,,,,,,,,,
741,"Otras subvenciones a la explotación","Otras subvenciones a la explotación",,,,"No",,74,,,,,,,,,,
75,"OTROS INGRESOS DE GESTION","OTROS INGRESOS DE GESTION",,,,"Yes",,7,,,,,,,,,,
751,"Resultados de operaciones en común","Resultados de operaciones en común",,,,"No",,75,,,,,,,,,,
752,"Ingresos por arrendamientos","Ingresos por arrendamientos",,,,"No",,75,,,,,,,,,,
753,"Ingresos de propiedad industrial","Ingresos de propiedad industrial cedida en explotación",,,,"No",,75,,,,,,,,,,
754,"Ingresos por comisiones","Ingresos por comisiones",,,,"No",,75,,,,,,,,,,
755,"Ingresos por servicios al personal","Ingresos por servicios al personal",,,,"No",,75,,,,,,,,,,
759,"Ingresos por servicios diversos","Ingresos por servicios diversos",,,,"No",,75,,,,,,,,,,
76,"INGRESOS FINANCIEROS","INGRESOS FINANCIEROS",,,,"Yes",,7,,,,,,,,,,
760,"Ingresos de participaciones en capital","Ingresos de participaciones en capital",,,,"No",,76,,,,,,,,,,
761,"Ingresos de valores de renta fija","Ingresos de valores de renta fija",,,,"No",,76,,,,,,,,,,
762,"Ingresos de créditos a largo plazo","Ingresos de créditos a largo plazo",,,,"No",,76,,,,,,,,,,
763,"Ingresos de créditos a corto plazo","Ingresos de créditos a corto plazo",,,,"No",,76,,,,,,,,,,
765,"Descuentos por compras por pronto pago","Descuentos por compras por pronto pago","Expense",,"Yes","No","PAYDISCOUNT_REV_ACCT",76,,,,,,,,,,
766,"Beneficios en valores negociables","Beneficios en valores negociables","Expense",,"Yes","No","PPVOFFSET_ACCT",76,,,,,,,,,,
768,"Diferencias positivas de cambio","Diferencias positivas de cambio","Revenue",,"Yes","No","REALIZEDGAIN_ACCT",76,,,,,,,,,,
769,"Otros ingresos financieros","Otros ingresos financieros","Revenue",,"Yes","No","CH_REVENUE_ACCT",76,,,,,,,,,,
77,"BENEFICIOS PROCEDENTES DEL INMOVILIZADO E INGRESOS EXCEPCIONALES","BENEFICIOS PROCEDENTES DEL INMOVILIZADO E INGRESOS EXCEPCIONALES",,,,"Yes",,7,,,,,,,,,,
770,"Beneficios procedentes de inmovilizado inmaterial","Beneficios procedentes de inmovilizado inmaterial",,,,"No",,77,,,,,,,,,,
771,"Beneficios procedentes de inmovilizado material","Beneficios procedentes de inmovilizado material",,,,"No",,77,,,,,,,,,,
772,"Beneficios procedentes de participaciones en capital a largo plazo en empresas del grupo","Beneficios procedentes de participaciones en capital a largo plazo en empresas del grupo",,,,"No",,77,,,,,,,,,,
773,"Beneficios procedentes de participaciones en capital a largo plazo en empresas asociadas","Beneficios procedentes de participaciones en capital a largo plazo en empresas asociadas",,,,"No",,77,,,,,,,,,,
774,"Beneficios por operaciones con acciones y obligaciones propias","Beneficios por operaciones con acciones y obligaciones propias",,,,"No",,77,,,,,,,,,,
775,"Subvenciones de capital traspasadas al resultado del ejercicio","Subvenciones de capital traspasadas al resultado del ejercicio",,,,"No",,77,,,,,,,,,,
778,"Ingresos extraordinarios","Ingresos extraordinarios",,,,"No",,77,,,,,,,,,,
779,"Ingresos y beneficios de ejercicios anteriores","Ingresos y beneficios de ejercicios anteriores","Owner's Equity",,"Yes","No","RETAINEDEARNING_ACCT",77,,,,,,,,,,
79,"EXCESOS Y APLICACIONES DE PROVISIONES","EXCESOS Y APLICACIONES DE PROVISIONES",,,,"Yes",,7,,,,,,,,,,
790,"Exceso de provisión para riesgos y gastos","Exceso de provisión para riesgos y gastos",,,,"No",,79,,,,,,,,,,
791,"Exceso de provisión del inmovilizado inmaterial","Exceso de provisión del inmovilizado inmaterial",,,,"No",,79,,,,,,,,,,
792,"Exceso de provisión del inmovilizado material","Exceso de provisión del inmovilizado material",,,,"No",,79,,,,,,,,,,
793,"Provisión de existencias aplicada","Provisión de existencias aplicada",,,,"No",,79,,,,,,,,,,
794,"Provisión para insolvencias de tráfico aplicada","Provisión para insolvencias de tráfico aplicada",,,,"No",,79,,,,,,,,,,
795,"Provisión para otras operaciones de tráfico aplicada","Provisión para otras operaciones de tráfico aplicada",,,,"No",,79,,,,,,,,,,
796,"Exceso de provisión para valores negociables a largo plazo","Exceso de provisión para valores negociables a largo plazo",,,,"No",,79,,,,,,,,,,
797,"Exceso de provisión para insolvencias de crédito a largo plazo","Exceso de provisión para insolvencias de crédito a largo plazo",,,,"No",,79,,,,,,,,,,
798,"Exceso de provisión para valores negociables a corto plazo","Exceso de provisión para valores negociables a corto plazo",,,,"No",,79,,,,,,,,,,
799,"Exceso de provisión para insolvencias de crédito a corto plazo","Exceso de provisión para insolvencias de crédito a corto plazo",,,,"No",,79,,,,,,,,,,
